"category","subcategory","ID","Description","GeneRatio","BgRatio","RichFactor","FoldEnrichment","zScore","pvalue","p.adjust","qvalue","geneID","Count"
"Human Diseases","Cancer: overview","hsa05205","Proteoglycans in cancer","19/47","204/9376",0.0931372549019608,18.5798915310805,18.0184020170133,4.56754279991936e-20,7.67347190386453e-18,3.99059002519271e-18,"967/3678/3688/3685/3690/7040/2247/3082/3479/7422/4313/2335/1277/89780/7474/6469/60/4478/7430",19
"Environmental Information Processing","Signaling molecules and interaction","hsa04518","Integrin signaling","12/47","154/9376",0.0779220779220779,15.5446255871788,12.9171697860056,7.97867897498255e-12,6.70209033898534e-10,3.48542292065027e-10,"3678/3688/3685/3690/7040/3082/3479/7422/5155/2335/1277/60",12
"Cellular Processes","Cellular community - eukaryotes","hsa04510","Focal adhesion","11/47","203/9376",0.0541871921182266,10.8097683680956,10.0292416510388,3.2932609945826e-09,1.84422615696625e-07,9.59090044036335e-08,"3678/3688/3685/3690/3082/3479/7422/5155/2335/1277/60",11
"Cellular Processes","Cell motility","hsa04810","Regulation of actin cytoskeleton","11/47","232/9376",0.0474137931034483,9.45854732208364,9.25952455535787,1.33539576007452e-08,5.60866219231298e-07,2.91678547595224e-07,"3678/3688/3685/3690/2247/5155/6387/2335/60/4478/7430",11
"Human Diseases","Cardiovascular disease","hsa05410","Hypertrophic cardiomyopathy","8/47","99/9376",0.0808080808080808,16.120352460778,10.7347702635979,2.59958708391882e-08,8.73461260196722e-07,4.54243637821604e-07,"3678/3688/3685/3690/7040/7043/3479/60",8
"Human Diseases","Cardiovascular disease","hsa05414","Dilated cardiomyopathy","8/47","105/9376",0.0761904761904762,15.1991894630193,10.3851299135285,4.14015411657919e-08,1.15924315264217e-06,6.02864546800128e-07,"3678/3688/3685/3690/7040/7043/3479/60",8
"Environmental Information Processing","Signal transduction","hsa04151","PI3K-Akt signaling pathway","12/47","362/9376",0.0331491712707182,6.61290701775009,7.73037170434344,1.40887864780061e-07,3.22377450745702e-06,1.67652433658479e-06,"3678/3688/3685/3690/2247/3082/3479/7422/5155/2335/1277/3320",12
"Human Diseases","Infectious disease: parasitic","hsa05144","Malaria","6/47","50/9376",0.12,23.9387234042553,11.5431293401409,1.53513071783667e-07,3.22377450745702e-06,1.67652433658479e-06,"975/7040/7043/3082/3586/6347",6
"Human Diseases","Cardiovascular disease","hsa05418","Fluid shear stress and atherosclerosis","8/47","142/9376",0.0563380281690141,11.2388372789931,8.72603395773737,4.33906296334859e-07,8.09958419825071e-06,4.21218977728577e-06,"3685/3690/7422/5155/6347/4313/3320/60",8
"Organismal Systems","Aging","hsa04213","Longevity regulating pathway - multiple species","6/47","62/9376",0.0967741935483871,19.3054221002059,10.2641855935083,5.6767773379383e-07,9.21034616252483e-06,4.78984167599976e-06,"3479/6647/6648/847/3312/3303",6
"Human Diseases","Endocrine and metabolic disease","hsa04933","AGE-RAGE signaling pathway in diabetic complications","7/47","101/9376",0.0693069306930693,13.825995365494,9.1983901667277,6.03058379689126e-07,9.21034616252483e-06,4.78984167599976e-06,"7040/7043/7422/6347/4313/2335/1277",7
"Environmental Information Processing","Signal transduction","hsa04010","MAPK signaling pathway","10/47","300/9376",0.0333333333333333,6.64964539007092,7.05913672799961,1.75372725121066e-06,2.45521815169492e-05,1.27683650746039e-05,"7040/7043/2247/3082/3479/7422/5155/3312/3303/3315",10
"Genetic Information Processing","Information processing in viruses","hsa03272","Virion - Hepatitis viruses","5/47","48/9376",0.104166666666667,20.7801418439716,9.75153024794673,3.70759107258917e-06,4.79134846303831e-05,2.49174136862268e-05,"928/967/975/7251/10015",5
"Human Diseases","Infectious disease: viral","hsa05165","Human papillomavirus infection","10/47","333/9376",0.03003003003003,5.99067152258642,6.58175721599792,4.47901011931041e-06,5.37481214317249e-05,2.79517172859221e-05,"3678/3688/3685/3690/7422/2335/1277/89780/7474/5315",10
"Environmental Information Processing","Signaling molecules and interaction","hsa04512","ECM-receptor interaction","6/47","89/9376",0.0674157303370786,13.4487210136266,8.37527421761061,4.84801494706024e-06,5.42977674070747e-05,2.82375607442807e-05,"3678/3688/3685/3690/2335/1277",6
"Human Diseases","Cancer: specific types","hsa05226","Gastric cancer","7/47","150/9376",0.0466666666666667,9.30950354609929,7.28167015739355,8.57829125877376e-06,8.71324137799543e-05,4.53132227051141e-05,"7040/7043/2247/3082/89780/7474/6469",7
"Environmental Information Processing","Signal transduction","hsa04015","Rap1 signaling pathway","8/47","212/9376",0.0377358490566038,7.52790044158972,6.82363727799145,8.81697044201919e-06,8.71324137799543e-05,4.53132227051141e-05,"3688/3690/2247/3082/3479/7422/5155/60",8
"Human Diseases","Infectious disease: parasitic","hsa05146","Amoebiasis","6/47","103/9376",0.058252427184466,11.6207395166288,7.69272593987473,1.13168417080664e-05,0.000105623855941953,5.49296995186849e-05,"7040/7043/3586/2335/1277/3315",6
"Environmental Information Processing","Signal transduction","hsa04066","HIF-1 signaling pathway","6/47","110/9376",0.0545454545454545,10.8812379110251,7.39909445111366,1.65116746804692e-05,0.000145997965595728,7.59262603035427e-05,"3479/7422/7076/3939/2023/2597",6
"Cellular Processes","Cell motility","hsa04820","Cytoskeleton in muscle cells","8/47","233/9376",0.0343347639484979,6.84942014427906,6.41746394932182,1.75640992019535e-05,0.000146439903098076,7.61560899570195e-05,"3678/3688/3685/3690/2335/1277/60/2023",8
"Human Diseases","Infectious disease: parasitic","hsa05145","Toxoplasmosis","6/47","112/9376",0.0535714285714286,10.6869300911854,7.32003106771064,1.83049878872595e-05,0.000146439903098076,7.61560899570195e-05,"3688/7040/7043/3586/3312/3303",6
"Organismal Systems","Immune system","hsa04670","Leukocyte transendothelial migration","6/47","116/9376",0.0517241379310345,10.3184152604549,7.16774558826879,2.2363856721414e-05,0.000170778542236252,8.88134022907829e-05,"3688/6387/4313/60/4478/7430",6
"Human Diseases","Cancer: specific types","hsa05211","Renal cell carcinoma","5/47","70/9376",0.0714285714285714,14.2492401215805,7.89724274624823,2.41372883151946e-05,0.000176307149432726,9.16885551561168e-05,"7040/7043/3082/7422/5155",5
"Human Diseases","Drug resistance: antineoplastic","hsa01521","EGFR tyrosine kinase inhibitor resistance","5/47","80/9376",0.0625,12.468085106383,7.31147271875397,4.61850153354875e-05,0.000323295107348413,0.000168129661089713,"2247/3082/3479/7422/5155",5
"Environmental Information Processing","Signal transduction","hsa04068","FoxO signaling pathway","6/47","133/9376",0.0451127819548872,8.99952007678771,6.59477977408449,4.84764085091793e-05,0.000325761465181685,0.000169412290789974,"7040/7043/3479/3586/6648/847",6
"Human Diseases","Infectious disease: bacterial","hsa05135","Yersinia infection","6/47","138/9376",0.0434782608695652,8.67345050878816,6.44552476341039,5.96141624722541e-05,0.000385199203666873,0.000200322894137534,"3678/3688/3586/6347/2335/60",6
"Human Diseases","Cardiovascular disease","hsa05412","Arrhythmogenic right ventricular cardiomyopathy","5/47","86/9376",0.0581395348837209,11.5982187036121,7.00795438893151,6.54242039902065e-05,0.000407083935939063,0.000211704051898134,"3678/3688/3685/3690/60",5
"Human Diseases","Immune disease","hsa05323","Rheumatoid arthritis","5/47","95/9376",0.0526315789473684,10.4994400895857,6.60510072869161,0.00010524788627842,0.000631487317670518,0.000328405058688302,"7040/7043/7422/6347/6387",5
"Cellular Processes","Transport and catabolism","hsa04145","Phagosome","6/47","155/9376",0.0387096774193548,7.72216884008236,5.98967523328557,0.000113657388375417,0.000658429008519654,0.000342416088390547,"3678/3688/3685/3690/60/7846",6
"Environmental Information Processing","Signal transduction","hsa04390","Hippo signaling pathway","6/47","157/9376",0.0382165605095541,7.62379726250169,5.94062270384336,0.00012197913486082,0.000683083155220593,0.000355237480471862,"7040/7043/650/89780/7474/60",6
"Human Diseases","Cancer: specific types","hsa05225","Hepatocellular carcinoma","6/47","170/9376",0.0352941176470588,7.04080100125157,5.64157706786905,0.000188618315819014,0.00102218958250304,0.00053158982047464,"7040/7043/3082/89780/7474/60",6
"Human Diseases","Cancer: specific types","hsa05217","Basal cell carcinoma","4/47","63/9376",0.0634920634920635,12.6659912191827,6.59423073288347,0.000265884444243762,0.00139589333227975,0.000725934502376061,"650/89780/7474/6469",4
"Metabolism","Carbohydrate metabolism","hsa00010","Glycolysis / Gluconeogenesis","4/47","67/9376",0.0597014925373134,11.909812638933,6.3609238885369,0.000337155858214917,0.00171642982363958,0.00089262954487522,"5315/3939/2023/2597",4
"Human Diseases","Cancer: specific types","hsa05218","Melanoma","4/47","73/9376",0.0547945205479452,10.9309239288837,6.04583924536358,0.000468373793815983,0.00231431756944368,0.00120356114200392,"2247/3082/3479/5155",4
"Human Diseases","Infectious disease: bacterial","hsa05100","Bacterial invasion of epithelial cells","4/47","78/9376",0.0512820512820513,10.2302236770322,5.81007550764955,0.000602693134415032,0.00281256796060348,0.00146267632036397,"3678/3688/2335/60",4
"Human Diseases","Infectious disease: parasitic","hsa05140","Leishmaniasis","4/47","78/9376",0.0512820512820513,10.2302236770322,5.81007550764955,0.000602693134415032,0.00281256796060348,0.00146267632036397,"3688/7040/7043/3586",4
"Environmental Information Processing","Signaling molecules and interaction","hsa04060","Cytokine-cytokine receptor interaction","7/47","298/9376",0.023489932885906,4.68599171783521,4.58970125941091,0.000644268555546623,0.00290564645869105,0.00151108180495838,"7040/7043/650/3586/3557/6347/6387",7
"Environmental Information Processing","Signaling molecules and interaction","hsa04517","IgSF CAM signaling","7/47","299/9376",0.0234113712374582,4.67031950473209,4.5781004629442,0.000657229556132499,0.00290564645869105,0.00151108180495838,"3678/3688/3690/60/7846/4478/7430",7
"Cellular Processes","Cellular community - eukaryotes","hsa04530","Tight junction","5/47","170/9376",0.0294117647058824,5.86733416770964,4.54566220878936,0.00153109543204401,0.00659548801495882,0.00342998436868159,"3688/60/7846/4478/7430",5
"Human Diseases","Infectious disease: parasitic","hsa05142","Chagas disease","4/47","103/9376",0.0388349514563107,7.74715967775253,4.88704672516052,0.00170497660883982,0.00716090175712723,0.00372402785615013,"7040/7043/3586/6347",4
"Organismal Systems","Immune system","hsa04672","Intestinal immune network for IgA production","3/47","50/9376",0.06,11.9693617021277,5.51995674192394,0.00196189013986281,0.00803896447553543,0.00418066448289123,"7040/3586/6387",3
"Metabolism","Global and overview maps","hsa01200","Carbon metabolism","4/47","116/9376",0.0344827586206897,6.87894350696992,4.52209632302951,0.00263329440783134,0.0105331776313254,0.00547778034711783,"847/5315/2023/2597",4
"Human Diseases","Infectious disease: bacterial","hsa05130","Pathogenic Escherichia coli infection","5/47","200/9376",0.025,4.98723404255319,4.04554507720161,0.00311375751070239,0.0121653781813489,0.00632660644769397,"3688/60/7846/7430/2597",5
"Human Diseases","Cardiovascular disease","hsa05415","Diabetic cardiomyopathy","5/47","205/9376",0.024390243902439,4.86559418785677,3.97193254275656,0.00346226986565214,0.0132195758506718,0.00687484207773033,"7040/7043/4313/1277/2597",5
"Organismal Systems","Immune system","hsa04611","Platelet activation","4/47","126/9376",0.0317460317460317,6.33299560959135,4.27762444539473,0.00354925842914967,0.0132505648021588,0.00689095788583445,"3688/3690/1277/60",4
"Organismal Systems","Endocrine system","hsa04926","Relaxin signaling pathway","4/47","130/9376",0.0307692307692308,6.13813420621931,4.18713724113952,0.00396961965615625,0.0144977413529185,0.00753955220734483,"7040/7422/4313/1277",4
"Human Diseases","Cardiovascular disease","hsa05417","Lipid and atherosclerosis","5/47","216/9376",0.0231481481481481,4.61780929866036,3.81805192146152,0.00432696184856309,0.0151591815927684,0.00788353428696601,"6347/6648/3312/3320/3303",5
"Human Diseases","Immune disease","hsa05321","Inflammatory bowel disease","3/47","66/9376",0.0454545454545455,9.06769825918762,4.66835414628522,0.00433119474079096,0.0151591815927684,0.00788353428696601,"7040/7043/3586",3
"Organismal Systems","Endocrine system","hsa04915","Estrogen signaling pathway","4/47","139/9376",0.0287769784172662,5.74070105617634,3.99669970968068,0.00503646116581358,0.0172414547686938,0.0089664207130425,"4313/3312/3320/3303",4
"Human Diseases","Cancer: overview","hsa05206","MicroRNAs in cancer","6/47","323/9376",0.0185758513931889,3.70568473750082,3.51236154342242,0.00520733053142586,0.0172414547686938,0.0089664207130425,"3678/3690/7422/5155/89780/7430",6
"Human Diseases","Infectious disease: viral","hsa05163","Human cytomegalovirus infection","5/47","227/9376",0.0220264317180617,4.39403880401162,3.67417585385956,0.00533664076173855,0.0172414547686938,0.0089664207130425,"3685/3690/7422/6347/6387",5
"Human Diseases","Cancer: overview","hsa05208","Chemical carcinogenesis - reactive oxygen species","5/47","227/9376",0.0220264317180617,4.39403880401162,3.67417585385956,0.00533664076173855,0.0172414547686938,0.0089664207130425,"3082/7422/6647/6648/847",5
"Cellular Processes","Cellular community - eukaryotes","hsa04550","Signaling pathways regulating pluripotency of stem cells","4/47","144/9376",0.0277777777777778,5.54137115839243,3.89795989307946,0.00570528781612161,0.0180846859077062,0.00940494317255399,"2247/3479/89780/7474",4
"Metabolism","Global and overview maps","hsa01230","Biosynthesis of amino acids","3/47","75/9376",0.04,7.97957446808511,4.30736599782259,0.00619366979935955,0.019186697919104,0.00997804465717814,"5315/2023/2597",3
"Human Diseases","Cancer: specific types","hsa05224","Breast cancer","4/47","148/9376",0.027027027027027,5.39160437032777,3.82223419925099,0.0062813594378019,0.019186697919104,0.00997804465717814,"2247/3479/89780/7474",4
"Environmental Information Processing","Signal transduction","hsa04014","Ras signaling pathway","5/47","238/9376",0.0210084033613445,4.19095297693546,3.53916105732281,0.00650376339027278,0.0195112901708183,0.0101468488983579,"2247/3082/3479/7422/5155",5
"Human Diseases","Cancer: specific types","hsa05212","Pancreatic cancer","3/47","77/9376",0.038961038961039,7.77231279358939,4.23527161971537,0.00666300167088641,0.0196383207141915,0.0102129111483577,"7040/7043/7422",3
"Human Diseases","Infectious disease: bacterial","hsa05133","Pertussis","3/47","78/9376",0.0384615384615385,7.67266775777414,4.20019111850946,0.00690541401234527,0.0200018888633449,0.0104019848098849,"3678/3688/3586",3
"Human Diseases","Infectious disease: bacterial","hsa05132","Salmonella infection","5/47","248/9376",0.0201612903225806,4.0219629375429,3.42329384333513,0.0077117107464577,0.0216063749510929,0.0112363980008816,"3320/60/7846/302/2597",5
"Cellular Processes","Transport and catabolism","hsa04148","Efferocytosis","4/47","157/9376",0.0254777070063694,5.08253150833446,3.6614616067533,0.00771656248253317,0.0216063749510929,0.0112363980008816,"3685/3690/7040/3586",4
"Organismal Systems","Immune system","hsa04612","Antigen processing and presentation","3/47","82/9376",0.0365853658536585,7.29839128178516,4.06585840437888,0.00792735167229289,0.0218327062450034,0.0113541016186421,"3312/3320/3303",3
"Cellular Processes","Transport and catabolism","hsa04146","Peroxisome","3/47","83/9376",0.036144578313253,7.21045885670341,4.03368320856461,0.00819603877807352,0.0222086212051024,0.0115495962407488,"6647/6648/847",3
"Human Diseases","Neurodegenerative disease","hsa05022","Pathways of neurodegeneration - multiple diseases","7/47","480/9376",0.0145833333333333,2.90921985815603,3.04786828678013,0.00936484326286785,0.0249729153676476,0.0129871677663831,"89780/7474/22943/6647/847/2876/7846",7
"Organismal Systems","Aging","hsa04211","Longevity regulating pathway","3/47","90/9376",0.0333333333333333,6.64964539007092,3.82247914915018,0.0102273724006657,0.0268468525517475,0.0139617090338035,"3479/6648/847",3
"Human Diseases","Cancer: specific types","hsa05222","Small cell lung cancer","3/47","93/9376",0.032258064516129,6.43514070006863,3.73873867804914,0.0111797360952291,0.0288953179076691,0.0150270136988505,"3688/3685/2335",3
"Organismal Systems","Development and regeneration","hsa04360","Axon guidance","4/47","184/9376",0.0217391304347826,4.33672525439408,3.24445214404054,0.0132745560349911,0.0335908977952644,0.0174689506078129,"3688/6387/7474/6469",4
"Environmental Information Processing","Signaling molecules and interaction","hsa04061","Viral protein interaction with cytokine and cytokine receptor","3/47","100/9376",0.03,5.98468085106383,3.55691926820435,0.0135963157742737,0.0335908977952644,0.0174689506078129,"3586/6347/6387",3
"Organismal Systems","Immune system","hsa04640","Hematopoietic cell lineage","3/47","100/9376",0.03,5.98468085106383,3.55691926820435,0.0135963157742737,0.0335908977952644,0.0174689506078129,"928/3678/3690",3
"Human Diseases","Infectious disease: parasitic","hsa05143","African trypanosomiasis","2/47","37/9376",0.0540540540540541,10.7832087406555,4.23203270219946,0.0146516709030785,0.0356736335031477,0.0185520775736921,"3586/3620",2
"Human Diseases","Cancer: specific types","hsa05215","Prostate cancer","3/47","106/9376",0.0283018867924528,5.64592533119229,3.4143049820888,0.0158872282827928,0.0381293478787028,0.0198291721424331,"3479/5155/3320",3
"Environmental Information Processing","Signal transduction","hsa04350","TGF-beta signaling pathway","3/47","110/9376",0.0272727272727273,5.44061895551257,3.32514603626566,0.0175283547834399,0.0414755437129282,0.0215693617053449,"7040/7043/650",3
"Human Diseases","Cancer: specific types","hsa05219","Bladder cancer","2/47","41/9376",0.0487804878048781,9.73118837571355,3.97672121424154,0.0178125119093527,0.0415625277884897,0.0216145977847409,"7422/4313",2
"Metabolism","Amino acid metabolism","hsa00380","Tryptophan metabolism","2/47","42/9376",0.0476190476190476,9.49949341438703,3.91832819549871,0.0186440489908131,0.0429068524720082,0.0223137140048664,"3620/847",2
