"p_val","avg_log2FC","pct.1","pct.2","p_val_adj","receptor","cell_type"
2.31644463635764e-18,7.94104467655404,0.067,0,5.88075799832115e-14,"ALK","FC-Regulatory"
9.1129889859427e-07,4.88837343857305,0.067,0.002,0.0231351451386127,"CSF2RB","FC-Regulatory"
1.53157898953726e-06,3.50527739300291,0.267,0.034,0.0388821958073824,"PILRA","FC-Regulatory"
0.000840448384627533,4.14432161011958,0.067,0.004,1,"GIPR","FC-Regulatory"
0.00143152451492169,-0.464078239179536,0.867,0.988,1,"CD99","FC-Regulatory"
0.00284820474887207,3.83790575774662,0.133,0.021,1,"ITGA6","FC-Regulatory"
0.00314245050013735,3.32276796168363,0.133,0.021,1,"SELL","FC-Regulatory"
0.00633040987695514,0.300891774214686,1,0.999,1,"CD44","FC-Regulatory"
0.00721710237257125,3.49031680636442,0.133,0.024,1,"ITGA9","FC-Regulatory"
0.0129319870238671,3.35345872293447,0.133,0.028,1,"NTNG2","FC-Regulatory"
0.0140705137941189,3.56443649743288,0.067,0.008,1,"OXTR","FC-Regulatory"
0.018181248441502,0.586095021017827,0.933,0.725,1,"CD47","FC-Regulatory"
0.0193521396527312,0.307767101866137,1,0.969,1,"LRP1","FC-Regulatory"
0.0214108142026733,3.39957518013901,0.067,0.009,1,"C5AR1","FC-Regulatory"
0.0224544824513059,-3.32462990877892,0,0.265,1,"LEPR","FC-Regulatory"
0.0343281126994371,0.488331441653693,0.8,0.749,1,"NRP2","FC-Regulatory"
0.0348195927761383,-1.52570483482178,0.133,0.411,1,"NRP1","FC-Regulatory"
0.0364956017603665,-0.771472513901191,0.467,0.701,1,"PDGFRB","FC-Regulatory"
0.0381570094811248,-2.97706093104052,0,0.227,1,"JAM2","FC-Regulatory"
0.0495148742450942,3.25944372987812,0.067,0.011,1,"PODXL","FC-Regulatory"
0.0621068650742325,-1.31473432350666,0.2,0.435,1,"TNFRSF1B","FC-Regulatory"
0.0636000824912043,0.496243692840863,0.733,0.699,1,"ACKR3","FC-Regulatory"
0.0636908935926172,0.687641328031426,0.8,0.753,1,"BDKRB2","FC-Regulatory"
0.0650686674577216,-0.474010629554166,0.533,0.821,1,"IL6ST","FC-Regulatory"
0.0722137581140914,0.38100871753734,0.933,0.821,1,"OSMR","FC-Regulatory"
0.0758820733168605,-2.62992600154716,0,0.176,1,"FZD2","FC-Regulatory"
0.0845103136842077,1.29092032032648,0.4,0.225,1,"PLXNA4","FC-Regulatory"
0.088137961939397,0.911277850170566,0.467,0.27,1,"PTPRM","FC-Regulatory"
0.0898185924579175,1.46091561978491,0.133,0.042,1,"CCR1","FC-Regulatory"
0.0958846405748708,-0.433013628017633,0.333,0.56,1,"PLXNB2","FC-Regulatory"
0.0972047130836402,-0.834567330626579,0.267,0.511,1,"NOTCH3","FC-Regulatory"
0.0982686767639951,0.301212774993309,0.8,0.787,1,"AXL","FC-Regulatory"
0.106333104036602,-1.03549721358126,0.2,0.41,1,"ITGA10","FC-Regulatory"
0.113238977376737,-0.536622998926337,0.333,0.559,1,"ITGA11","FC-Regulatory"
0.113289811219361,2.02618887353903,0.2,0.091,1,"IL1RL1","FC-Regulatory"
0.130813828810788,-2.28983742217571,0,0.133,1,"MCAM","FC-Regulatory"
0.134973386376337,1.14884108171912,0.4,0.262,1,"IL15RA","FC-Regulatory"
0.142191611196995,0.823340113555054,0.533,0.456,1,"NEGR1","FC-Regulatory"
0.150763861586619,-2.07091110279286,0,0.122,1,"IL18R1","FC-Regulatory"
0.153283892441495,1.8369065471577,0.133,0.052,1,"NPR2","FC-Regulatory"
0.15346033572346,-1.27076360166273,0.067,0.225,1,"LRP5","FC-Regulatory"
0.155321890327791,-0.86260566722136,0.267,0.427,1,"IFNGR1","FC-Regulatory"
0.156381182392099,2.26152640461872,0.067,0.017,1,"CCR7","FC-Regulatory"
0.160939299524368,-1.9387142063024,0,0.117,1,"TNFRSF14","FC-Regulatory"
0.169510499870446,0.451429179301606,0.733,0.673,1,"NOTCH2","FC-Regulatory"
0.16982460034014,-1.04174884573145,0.133,0.295,1,"NECTIN2","FC-Regulatory"
0.171788260758803,-1.85418463577711,0,0.111,1,"GHR","FC-Regulatory"
0.172945893595049,0.898067994316691,0.533,0.422,1,"IL10RB","FC-Regulatory"
0.190897131653361,0.629019896016004,0.667,0.585,1,"IGF2R","FC-Regulatory"
0.195633796231488,0.585810683653846,0.6,0.487,1,"CD55","FC-Regulatory"
0.2000179561236,-1.65311059189687,0,0.099,1,"SDC3","FC-Regulatory"
0.20040497717861,2.54329606680896,0.067,0.02,1,"PLXNA2","FC-Regulatory"
0.204858560817,2.25091553837591,0.067,0.02,1,"IL17RB","FC-Regulatory"
0.209606128217141,-0.84018349697479,0.133,0.287,1,"ADIPOR2","FC-Regulatory"
0.211766497965365,1.0063915980441,0.467,0.401,1,"ITGB8","FC-Regulatory"
0.211836076981829,-0.630658919421624,0.067,0.212,1,"CMKLR1","FC-Regulatory"
0.218215393933799,-1.57286345575126,0,0.092,1,"EDA2R","FC-Regulatory"
0.218227886370746,1.68832592759074,0.2,0.111,1,"EPHB4","FC-Regulatory"
0.221142172276769,-0.557464105844649,0.133,0.314,1,"IL4R","FC-Regulatory"
0.232980831039606,-1.60586358664725,0,0.087,1,"FGFR2","FC-Regulatory"
0.238151739270347,0.530753038733085,0.533,0.435,1,"ADIPOR1","FC-Regulatory"
0.243056362893512,-0.606058766661017,0.067,0.199,1,"ITGA2","FC-Regulatory"
0.257776918656049,1.11304519169663,0.333,0.23,1,"FZD10","FC-Regulatory"
0.263695367265908,1.37994005241384,0.133,0.064,1,"SDC1","FC-Regulatory"
0.265771464934531,-1.24618695914532,0,0.077,1,"PVR","FC-Regulatory"
0.269008207451344,-1.09906288315568,0.067,0.17,1,"CD4","FC-Regulatory"
0.27472505587467,-1.20362994861052,0,0.074,1,"NECTIN3","FC-Regulatory"
0.27770794504035,2.02978144956927,0.067,0.024,1,"MPZ","FC-Regulatory"
0.280878002910633,-1.36766133235706,0,0.072,1,"FZD4","FC-Regulatory"
0.284011531686905,-1.27566578273701,0,0.071,1,"ITGB3","FC-Regulatory"
0.28419773635913,-1.01406849921032,0.067,0.17,1,"DAG1","FC-Regulatory"
0.287237633880005,2.31871993285828,0.067,0.024,1,"GFRA2","FC-Regulatory"
0.295861698764922,0.149395584134954,0.933,0.908,1,"ITGA5","FC-Regulatory"
0.299984786559911,1.04351523527966,0.2,0.116,1,"ACVR1B","FC-Regulatory"
0.302542556442369,0.276234205875525,0.933,0.91,1,"FGFR1","FC-Regulatory"
0.303654626161784,-1.38293374402542,0,0.066,1,"CD74","FC-Regulatory"
0.309009206655002,-0.820074034956758,0.067,0.169,1,"LIFR","FC-Regulatory"
0.3151364244322,1.8260657783249,0.067,0.025,1,"NLGN1","FC-Regulatory"
0.327395148907952,-0.319330619535149,0.333,0.511,1,"TNFRSF1A","FC-Regulatory"
0.332308313805796,-0.953420053191408,0,0.059,1,"IL1RL2","FC-Regulatory"
0.353094266443535,-0.53037475916555,0.267,0.387,1,"ACVR1","FC-Regulatory"
0.360030269871503,-0.841629101609157,0,0.053,1,"PTCH1","FC-Regulatory"
0.362515668994995,1.91328198347946,0.067,0.028,1,"MERTK","FC-Regulatory"
0.363832796874075,3.01665169301728,0.067,0.029,1,"BMPR1B","FC-Regulatory"
0.372770570519601,-0.726448624223578,0,0.051,1,"IL1RAP","FC-Regulatory"
0.37714183030085,-0.76802097556559,0,0.05,1,"PECAM1","FC-Regulatory"
0.391316978893696,0.677450026420934,0.4,0.32,1,"ITGA1","FC-Regulatory"
0.427471094808775,-0.278230196995298,0.333,0.47,1,"FZD1","FC-Regulatory"
0.435733351987149,1.75122277636456,0.2,0.155,1,"ADORA2B","FC-Regulatory"
0.441838666083598,-0.326737561882344,0.067,0.142,1,"LRP6","FC-Regulatory"
0.442036428751635,-0.440573912951157,0.133,0.223,1,"SV2A","FC-Regulatory"
0.443260193742755,-0.161809335842335,0.333,0.457,1,"MPZL1","FC-Regulatory"
0.448154537630029,-0.481853226492816,0.2,0.29,1,"TGFBR1","FC-Regulatory"
0.449179610334174,0.207623988358867,0.8,0.708,1,"BDKRB1","FC-Regulatory"
0.45900799217949,0.13045149504644,0.2,0.295,1,"TNFRSF9","FC-Regulatory"
0.466505794650921,0.589320033504867,0.067,0.142,1,"CD40","FC-Regulatory"
0.475224922789844,0.327753466982165,0.067,0.14,1,"PLXND1","FC-Regulatory"
0.47533386429493,0.446769305906853,0.4,0.335,1,"TGFBR2","FC-Regulatory"
0.51346864215308,0.185055038954724,0.667,0.652,1,"IL13RA1","FC-Regulatory"
0.523219734010283,-0.144861104361167,0.667,0.716,1,"SDC2","FC-Regulatory"
0.531294214743712,1.3459064767399,0.067,0.037,1,"DSG2","FC-Regulatory"
0.538928340399835,-0.177417020437221,0.2,0.29,1,"IL13RA2","FC-Regulatory"
0.54410409035567,0.17239891381239,0.867,0.843,1,"ITGB5","FC-Regulatory"
0.551184322430476,-0.295623086200136,0.267,0.351,1,"CD99L2","FC-Regulatory"
0.564659227998591,-0.293182505139528,0.133,0.196,1,"IL7R","FC-Regulatory"
0.570168660311777,-0.127212482171746,0.067,0.118,1,"CAP1","FC-Regulatory"
0.576506465432825,0.707052262128125,0.267,0.23,1,"IL17RC","FC-Regulatory"
0.582786296494453,0.258639953337748,0.733,0.614,1,"IL1R1","FC-Regulatory"
0.58755314960548,-0.270140529788173,0.133,0.196,1,"PARD3","FC-Regulatory"
0.597031271951215,-0.152333542690589,0.067,0.111,1,"CNTNAP1","FC-Regulatory"
0.607839813312719,0.31694432528944,0.6,0.618,1,"CDH11","FC-Regulatory"
0.620608087023724,0.655041819754432,0.067,0.115,1,"CADM3","FC-Regulatory"
0.624669678360252,0.446451510534894,0.267,0.225,1,"MET","FC-Regulatory"
0.625753620434441,1.02504655356024,0.133,0.104,1,"BMPR1A","FC-Regulatory"
0.634934156965623,0.161686191421721,0.4,0.326,1,"JAM3","FC-Regulatory"
0.667773901466329,0.599188539663604,0.333,0.307,1,"PLXNA3","FC-Regulatory"
0.680435384994561,0.400709505240323,0.4,0.361,1,"CADM1","FC-Regulatory"
0.69903251771977,0.491526567200358,0.2,0.169,1,"PLXNA1","FC-Regulatory"
0.709892461149631,0.381172116726016,0.533,0.548,1,"LTBR","FC-Regulatory"
0.719247303593251,0.716764634743054,0.067,0.101,1,"TNFRSF10A","FC-Regulatory"
0.722976967324358,0.893868152313026,0.067,0.047,1,"IL3RA","FC-Regulatory"
0.729365069538491,0.772059198413108,0.067,0.1,1,"IFNAR2","FC-Regulatory"
0.740911930011969,1.35049481571724,0.067,0.051,1,"TLR4","FC-Regulatory"
0.747497858581042,0.192212635661698,0.067,0.093,1,"EPOR","FC-Regulatory"
0.748358539675129,-0.217395880560684,0.667,0.922,1,"NCL","FC-Regulatory"
0.762159886322892,-0.144196443387546,0.667,0.854,1,"IFNGR2","FC-Regulatory"
0.76544200680724,0.117446661977248,0.4,0.539,1,"ITGAV","FC-Regulatory"
0.790476939192567,0.155540226932676,0.667,0.651,1,"IFNAR1","FC-Regulatory"
0.803044535926453,0.497947626060797,0.133,0.178,1,"JAG1","FC-Regulatory"
0.83982973480657,0.944262194808114,0.133,0.123,1,"NPR3","FC-Regulatory"
0.847932198708344,1.07908593547446,0.067,0.086,1,"IL6R","FC-Regulatory"
0.882155882610733,1.3693101108063,0.067,0.061,1,"FLT1","FC-Regulatory"
0.882470907968092,0.298357696578555,0.2,0.193,1,"ALCAM","FC-Regulatory"
0.891023291707741,0.739886194845914,0.067,0.059,1,"AGTR1","FC-Regulatory"
0.896255119232642,0.132631102260086,0.6,0.773,1,"VCAM1","FC-Regulatory"
0.905304603219618,0.430420265434279,0.067,0.076,1,"CHRNB1","FC-Regulatory"
0.919657180921296,1.7300824708746,0.067,0.064,1,"CXCR4","FC-Regulatory"
0.919741854981685,0.368793108295395,0.133,0.151,1,"NECTIN1","FC-Regulatory"
0.95517424356311,1.23410148672262,0.067,0.067,1,"FZD3","FC-Regulatory"
0.956203204511515,0.467438097164668,0.067,0.071,1,"PTH1R","FC-Regulatory"
0.959103591050776,0.37427824534166,0.133,0.14,1,"CD274","FC-Regulatory"
0.972385332661206,0.109202581047863,0.133,0.134,1,"ITGAE","FC-Regulatory"
0.973270071626248,0.115177131715296,0.133,0.139,1,"EDNRA","FC-Regulatory"
0.977526834190616,0.533538549400987,0.067,0.064,1,"ACKR4","FC-Regulatory"
0.977665329752113,0.508882762589429,0.067,0.065,1,"FZD6","FC-Regulatory"
0.981232347240089,0.229592106198368,0.333,0.379,1,"INSR","FC-Regulatory"
1.61128806926953e-08,2.54035840792079,0.85,0.262,0.000409057702145456,"APLNR","Endothelial"
1.38100507879651e-05,-5.07750173976796,0.05,0.607,0.350595759354071,"SELE","Endothelial"
0.000317572287590601,-0.695001577760536,0.8,0.976,1,"MCAM","Endothelial"
0.000435070650387301,-1.06306185833677,0.55,0.869,1,"ACKR3","Endothelial"
0.000696986103874724,1.03213009210581,0.9,0.702,1,"KDR","Endothelial"
0.00173286583694898,-1.23324085793974,0.4,0.726,1,"OSMR","Endothelial"
0.00241637187583219,-0.815027831114481,0.6,0.857,1,"IFNGR2","Endothelial"
0.00276513108728483,-1.7882157060788,0.2,0.548,1,"F2R","Endothelial"
0.00330879886965844,1.0915831614703,0.75,0.452,1,"TGFBR1","Endothelial"
0.00359029297382632,-2.03657509310608,0.15,0.512,1,"NOTCH3","Endothelial"
0.00379188150253656,4.02884057100771,0.1,0,1,"ITGB2","Endothelial"
0.00426476491403053,-0.305711829680919,0.95,1,1,"CD99","Endothelial"
0.00664997067257184,1.01000367927382,0.65,0.452,1,"CD55","Endothelial"
0.00730518775232104,0.590726354578213,0.95,0.869,1,"IL6ST","Endothelial"
0.00756758409336923,0.519067574138892,0.95,0.857,1,"NRP2","Endothelial"
0.00808252297782586,1.95605703030826,0.3,0.083,1,"IL6R","Endothelial"
0.0106528435897238,-1.13053954823719,0.45,0.679,1,"SDC2","Endothelial"
0.0108498808738739,-1.3244962896226,0.1,0.452,1,"EPHA2","Endothelial"
0.0149515143143435,2.28275717417382,0.25,0.071,1,"ITGA9","Endothelial"
0.0153707328933759,-1.01371435852906,0.35,0.655,1,"IFNGR1","Endothelial"
0.016764387846605,2.95653707125054,0.15,0.024,1,"DSG2","Endothelial"
0.0194672897922404,0.893131407379637,0.75,0.488,1,"CALCRL","Endothelial"
0.0235028747624079,-1.80211798864169,0.1,0.357,1,"TNFRSF4","Endothelial"
0.0247156670080952,-3.28789091622533,0,0.214,1,"IL18R1","Endothelial"
0.0288533714678888,1.9268616842066,0.25,0.083,1,"CHRNB1","Endothelial"
0.031624324500077,1.30170037314822,0.45,0.274,1,"FZD8","Endothelial"
0.0340728016597968,3.37650540379311,0.1,0.012,1,"MPZ","Endothelial"
0.0347003623965784,-1.1115555007581,0.2,0.488,1,"ICAM1","Endothelial"
0.0361444833220077,-2.89788184918606,0,0.19,1,"FZD10","Endothelial"
0.036549286044104,2.75178233798607,0.1,0.012,1,"SSTR2","Endothelial"
0.0379043028982267,-0.893307329416845,0.35,0.583,1,"PDGFRB","Endothelial"
0.0412123650528568,1.42899835995085,0.4,0.202,1,"IL13RA2","Endothelial"
0.0412561899240062,-0.854043389907325,0.25,0.548,1,"PVR","Endothelial"
0.0428681188171415,3.46377241313581,0.05,0,1,"BMPR1B","Endothelial"
0.0428681188171415,3.11812063129458,0.05,0,1,"CCR7","Endothelial"
0.0428681188171415,3.17492031232683,0.05,0,1,"IL17RE","Endothelial"
0.0428681188171415,3.06482423132836,0.05,0,1,"PRLR","Endothelial"
0.0428681188171415,3.46377241313581,0.05,0,1,"C3AR1","Endothelial"
0.0428681188171415,3.29311899005918,0.05,0,1,"OPRD1","Endothelial"
0.0428681188171415,3.31456193770714,0.05,0,1,"MCHR1","Endothelial"
0.0428681188171415,4.4262010731537,0.05,0,1,"NCAM2","Endothelial"
0.0428681188171415,3.73379404716248,0.05,0,1,"NTNG2","Endothelial"
0.0468891409171829,1.65268283323695,0.2,0.06,1,"NPR1","Endothelial"
0.0477222683985355,2.08706481010724,0.15,0.036,1,"SMO","Endothelial"
0.049649233445338,-0.832078414795581,0.35,0.583,1,"EGFR","Endothelial"
0.0524457200212622,-2.78911526006806,0,0.167,1,"TNFRSF9","Endothelial"
0.0530385999564098,-0.577462890824933,0.6,0.774,1,"MPZL1","Endothelial"
0.0565795343788359,-1.18830512090178,0.15,0.381,1,"ALCAM","Endothelial"
0.0610923720459114,-1.31315324536385,0.15,0.357,1,"PTPRF","Endothelial"
0.061307061490171,0.681775567492279,0.7,0.536,1,"IL4R","Endothelial"
0.0630205463317556,-2.82950823195666,0,0.155,1,"PARD3","Endothelial"
0.0678216931319558,-0.729079950045542,0.4,0.679,1,"CD34","Endothelial"
0.0704251344660116,0.556477434569676,0.85,0.75,1,"JAG1","Endothelial"
0.0761324229331831,1.0045382306564,0.45,0.25,1,"ITGAE","Endothelial"
0.0780683592910531,0.485356257467178,0.8,0.667,1,"IL13RA1","Endothelial"
0.0795986069371752,-0.730142762685253,0.4,0.583,1,"TNFRSF1A","Endothelial"
0.0805481452891946,1.14198982162946,0.4,0.25,1,"ACVR1","Endothelial"
0.0835819071053817,-0.60907283164132,0.55,0.762,1,"IFNAR1","Endothelial"
0.0839550572639096,-0.2241822214648,0.9,0.94,1,"ITGA5","Endothelial"
0.0870361459357318,-1.56349399384481,0.1,0.274,1,"FAS","Endothelial"
0.0879856689106767,-0.632847755814215,0.3,0.548,1,"F2RL3","Endothelial"
0.0906065167550085,-0.975352949019465,0.3,0.464,1,"IL1R1","Endothelial"
0.0955621045923715,-0.808955121033691,0.05,0.226,1,"EDNRA","Endothelial"
0.0961059770177591,-2.02124126916242,0.05,0.202,1,"IL7R","Endothelial"
0.0977450247679067,0.508265279573797,0.65,0.405,1,"CD99L2","Endothelial"
0.10633870242483,-0.357388654473419,0.75,0.881,1,"ESAM","Endothelial"
0.108104654017765,-2.10306460766153,0.1,0.25,1,"IL1RL1","Endothelial"
0.108618833665625,-2.20121998136775,0,0.119,1,"LIFR","Endothelial"
0.112396193795717,0.70971763869899,0.6,0.452,1,"TNFRSF1B","Endothelial"
0.114216980855559,-1.0070004794955,0.25,0.405,1,"F11R","Endothelial"
0.120887414723884,-0.742019051109892,0.2,0.417,1,"ITGA11","Endothelial"
0.121820900659993,1.85116820895422,0.1,0.024,1,"EDNRB","Endothelial"
0.128987790690972,-0.433958057219629,0.7,0.845,1,"CDH5","Endothelial"
0.130094134677155,-2.71243601208188,0,0.107,1,"KIT","Endothelial"
0.132677555606426,0.78787640267423,0.5,0.345,1,"NEGR1","Endothelial"
0.134046880817261,-0.522686535797648,0.55,0.726,1,"GLG1","Endothelial"
0.140056158348964,1.33890169962191,0.2,0.083,1,"ACVR2B","Endothelial"
0.146733605098352,1.31020575387998,0.25,0.119,1,"PLXNA4","Endothelial"
0.155859171800321,-2.00541339727689,0,0.095,1,"IL27RA","Endothelial"
0.167318495877756,0.586654336877301,0.7,0.536,1,"TNFRSF11B","Endothelial"
0.168443793443004,-0.802510521653824,0.2,0.369,1,"NTRK2","Endothelial"
0.169283488248575,1.78744675640988,0.15,0.06,1,"SORT1","Endothelial"
0.178468629487234,1.55166904577978,0.2,0.095,1,"NECTIN1","Endothelial"
0.181018017866664,-0.39219576473375,0.5,0.643,1,"VCAM1","Endothelial"
0.200142978902016,0.630512460715071,0.6,0.524,1,"ADIPOR1","Endothelial"
0.200872973062632,-1.49478206954191,0.05,0.155,1,"IFNAR2","Endothelial"
0.20164402545542,-0.67191563419106,0.35,0.476,1,"IL3RA","Endothelial"
0.207657499543668,1.90542250603267,0.15,0.071,1,"SDC1","Endothelial"
0.214326256506237,1.37613867632573,0.2,0.107,1,"LRP6","Endothelial"
0.216719715356893,0.336719678142592,0.9,0.833,1,"BMPR2","Endothelial"
0.216884761345243,1.90511337088345,0.1,0.036,1,"FGFR3","Endothelial"
0.219017571366748,1.34716168549162,0.3,0.179,1,"TEK","Endothelial"
0.222868042428351,-0.699546442220877,0.25,0.381,1,"TNFRSF14","Endothelial"
0.224582114873023,-1.50528538760638,0,0.071,1,"CADM3","Endothelial"
0.225281028795552,2.34569556093658,0.1,0.036,1,"GFRA2","Endothelial"
0.225603477064856,-0.458575784333149,0.45,0.631,1,"TNFRSF12A","Endothelial"
0.234837574729326,-0.518532486911956,0.2,0.321,1,"ITGA6","Endothelial"
0.237386561003234,0.455151075559164,0.7,0.655,1,"JAM3","Endothelial"
0.240513720958276,-1.02295534064939,0.2,0.298,1,"PTPRM","Endothelial"
0.242764272574196,0.968412752443172,0.1,0.036,1,"ERBB2","Endothelial"
0.249618082465357,-0.477009414472911,0.15,0.298,1,"JAM2","Endothelial"
0.252442940252917,-1.3660117811876,0.1,0.202,1,"IGF1R","Endothelial"
0.25375844182822,1.19950514314798,0.2,0.107,1,"FZD7","Endothelial"
0.267235377931542,2.90282674428045,0.05,0.012,1,"EPHA4","Endothelial"
0.270741541662342,-1.35890581597941,0,0.06,1,"L1CAM","Endothelial"
0.279531376404765,-0.153501558801955,0.4,0.571,1,"LTBR","Endothelial"
0.282472647358208,1.63548602883283,0.05,0.012,1,"GIPR","Endothelial"
0.282472647358208,1.95521676955589,0.05,0.012,1,"ADORA1","Endothelial"
0.282472647358208,1.31819221897115,0.05,0.012,1,"SELL","Endothelial"
0.298044614931735,0.537164105763946,0.6,0.488,1,"ITGA2","Endothelial"
0.310853288906642,0.950923133380168,0.25,0.155,1,"LRP5","Endothelial"
0.313959719114304,-0.418527444711329,0.25,0.381,1,"IL10RB","Endothelial"
0.318282729468997,-0.354852927629094,0.4,0.56,1,"PLXNB2","Endothelial"
0.325235807147618,0.546374827303494,0.4,0.286,1,"FLT4","Endothelial"
0.326390089836763,0.328226584796159,0.8,0.798,1,"PODXL","Endothelial"
0.327444795962548,-0.311742812077134,0.65,0.798,1,"LRP1","Endothelial"
0.328074382198358,-0.402007218173272,0.45,0.607,1,"CXCR4","Endothelial"
0.328940006734216,-0.40812520654367,0.15,0.274,1,"CAP1","Endothelial"
0.336273648970308,0.425993206737353,0.5,0.381,1,"NOTCH4","Endothelial"
0.342572133008089,1.87010871689777,0.1,0.048,1,"PTH1R","Endothelial"
0.35306605454557,-1.10808251867569,0.1,0.179,1,"CD274","Endothelial"
0.383892263142173,0.923867846186722,0.15,0.083,1,"EDA2R","Endothelial"
0.400277072548908,0.485948754503673,0.2,0.119,1,"SV2A","Endothelial"
0.406424573430827,0.825831428832324,0.2,0.131,1,"CADM1","Endothelial"
0.429560783331204,-0.214491889029766,0.5,0.75,1,"PDGFRA","Endothelial"
0.430837889427488,-0.47834002329726,0.1,0.179,1,"FZD2","Endothelial"
0.435987167925351,-0.203760048854493,0.65,0.821,1,"NRP1","Endothelial"
0.438318770947656,0.270844905076866,0.65,0.655,1,"AXL","Endothelial"
0.470166444984828,-1.00913705280449,0.1,0.155,1,"NRCAM","Endothelial"
0.486752875688097,0.306790759156493,0.25,0.179,1,"IL17RC","Endothelial"
0.497693885742762,-0.611733517857741,0.25,0.31,1,"PLXNA1","Endothelial"
0.522153364632703,1.96023171425081,0.05,0.024,1,"CHRNA5","Endothelial"
0.524678445425962,1.02422912016353,0.1,0.06,1,"PLXNB1","Endothelial"
0.525713292094877,0.472150116790636,0.3,0.238,1,"ITGA10","Endothelial"
0.534448467177546,0.282644260567247,0.8,0.702,1,"ITGAV","Endothelial"
0.537224248130841,-0.467485061065458,0.3,0.357,1,"CDH11","Endothelial"
0.538572087653208,-0.107753005903013,0.55,0.679,1,"ACVRL1","Endothelial"
0.548076573923149,0.738511224091609,0.25,0.202,1,"ITGB8","Endothelial"
0.559800358905831,0.809499800746271,0.05,0.024,1,"ACVR2A","Endothelial"
0.559800358905831,1.24707877362457,0.05,0.024,1,"MERTK","Endothelial"
0.559800358905831,0.60166601590827,0.05,0.024,1,"EPHB3","Endothelial"
0.570991432986025,0.796908579981392,0.05,0.095,1,"NECTIN3","Endothelial"
0.572519363075349,0.502520520086686,0.35,0.31,1,"EPHB4","Endothelial"
0.580007303405425,-0.776212632810855,0.05,0.083,1,"NPR3","Endothelial"
0.580007303405425,-0.596249077948978,0.05,0.083,1,"TMIGD3","Endothelial"
0.582555506174617,0.535584634356857,0.4,0.357,1,"CD40","Endothelial"
0.603210791314557,0.706853767642154,0.25,0.202,1,"DAG1","Endothelial"
0.621338471029371,0.448825428867381,0.25,0.214,1,"IL15RA","Endothelial"
0.628756210794321,-0.599229775477454,0.15,0.19,1,"CD74","Endothelial"
0.630985193463327,0.484797099488192,0.2,0.155,1,"CMKLR1","Endothelial"
0.635244194718461,-0.108935471350458,0.6,0.69,1,"PLXNA2","Endothelial"
0.639996819973722,-0.308431211453273,0.2,0.25,1,"PLXNA3","Endothelial"
0.652425878322588,0.286106776290196,0.6,0.571,1,"IGF2R","Endothelial"
0.655402659855396,0.484068808665346,0.05,0.083,1,"BMPR1A","Endothelial"
0.655584850070922,0.347772860123829,0.15,0.107,1,"ITGA3","Endothelial"
0.664760188275534,-0.842838186382577,0.25,0.262,1,"ADIPOR2","Endothelial"
0.680023139987297,-0.132286114680469,0.85,0.964,1,"NCL","Endothelial"
0.70113285442768,0.593834682930461,0.1,0.071,1,"ACKR4","Endothelial"
0.711161611719219,-0.14401485014643,0.05,0.071,1,"PTCH1","Endothelial"
0.743344530826009,-0.480376523735752,0.25,0.274,1,"FZD6","Endothelial"
0.747594720447738,2.21824324533197,0.05,0.036,1,"TYRO3","Endothelial"
0.76642244186916,0.795631290642713,0.05,0.036,1,"ITGB4","Endothelial"
0.78538911815088,0.605478170624268,0.05,0.036,1,"IL1R2","Endothelial"
0.801642088868192,0.607309001938817,0.1,0.131,1,"MET","Endothelial"
0.8044840704393,0.564001835467952,0.05,0.036,1,"TLR4","Endothelial"
0.822105638088777,0.440424923546705,0.5,0.5,1,"BDKRB2","Endothelial"
0.822725217118732,-0.449707780691023,0.1,0.107,1,"ITGB3","Endothelial"
0.825441686327107,0.112345876917384,0.3,0.345,1,"IL17RA","Endothelial"
0.838312474822773,0.295213742590937,0.35,0.345,1,"CSF2RB","Endothelial"
0.87029387295263,-0.301990855208726,0.05,0.06,1,"FZD3","Endothelial"
0.871290960129685,0.574269585857819,0.2,0.238,1,"SDC3","Endothelial"
0.887681320974917,0.234352875735026,0.1,0.119,1,"EPOR","Endothelial"
0.903740860096627,0.535059902404902,0.1,0.095,1,"CNTNAP1","Endothelial"
0.909611039226248,0.106983101312621,0.65,0.667,1,"PLXND1","Endothelial"
0.919356651100193,0.279879404409723,0.15,0.143,1,"ACVR1B","Endothelial"
0.929740292605097,-0.137607808834404,0.55,0.488,1,"ITGA1","Endothelial"
0.937631644043394,0.187150386243088,0.25,0.286,1,"TNFRSF10A","Endothelial"
0.991123866667057,0.334711687541748,0.05,0.048,1,"ADORA2B","Endothelial"
0.993567146955373,0.200462094903024,0.1,0.095,1,"EPHB2","Endothelial"
4.43657908182568e-12,1.47350934053933,0.71,0.286,1.12631433150308e-07,"CMKLR1","Proliferating_S"
6.23108717904295e-12,0.921229233707226,0.914,0.729,1.58188610214363e-07,"NRP2","Proliferating_S"
4.35838050555749e-09,4.16143132587423,0.204,0.01,0.000110646205894588,"ITGB2","Proliferating_S"
9.28258819749592e-09,1.10784811724055,0.742,0.411,0.000235657066569829,"SDC1","Proliferating_S"
3.34391651146562e-08,-1.39596879783523,0.376,0.641,0.000848920084765778,"ALCAM","Proliferating_S"
8.63344732366073e-07,0.861906318549632,0.849,0.625,0.0219177327205775,"TNFRSF11B","Proliferating_S"
1.11897673122887e-06,-1.02315609896585,0.441,0.703,0.0284074622757072,"NRP1","Proliferating_S"
1.19485189835747e-06,2.77183716454571,0.204,0.031,0.0303337051436011,"DSG2","Proliferating_S"
1.48823449019925e-06,-2.9157868665055,0.022,0.26,0.0377818090026884,"MCAM","Proliferating_S"
2.36426456255902e-06,-1.24614807229435,0.215,0.542,0.0600215844496859,"NOTCH3","Proliferating_S"
5.81772924646593e-06,-3.70374392004081,0.022,0.234,0.147694692380031,"CLDN11","Proliferating_S"
7.32383398459644e-06,0.719768698710826,0.785,0.542,0.18593017336695,"FZD8","Proliferating_S"
1.10604065405556e-05,1.70118574574357,0.301,0.099,0.280790540845085,"TNFRSF10A","Proliferating_S"
0.000143510349371428,-3.46167389259313,0.011,0.161,1,"GHR","Proliferating_S"
0.000265381510595719,-0.459984325160242,0.806,0.901,1,"SDC2","Proliferating_S"
0.000388780156978295,4.21682866569749,0.065,0,1,"C5AR1","Proliferating_S"
0.000423037959183923,1.30035575433929,0.344,0.172,1,"ITGA6","Proliferating_S"
0.000515239063912824,2.63385106838805,0.108,0.016,1,"IL17RB","Proliferating_S"
0.000754379359907999,-1.43187056457955,0.215,0.385,1,"FZD2","Proliferating_S"
0.000818418460171289,-1.12006316086046,0.194,0.391,1,"PLXND1","Proliferating_S"
0.00110275251325719,1.36805759519751,0.237,0.094,1,"EPOR","Proliferating_S"
0.00119280984268143,-0.576040238849111,0.516,0.703,1,"PDGFRB","Proliferating_S"
0.00133309354455193,-0.831369318019336,0.452,0.604,1,"IL13RA2","Proliferating_S"
0.0024737497511597,-0.657668497415008,0.409,0.573,1,"ITGA11","Proliferating_S"
0.00254844380081085,-0.135807708528553,0.978,0.99,1,"ITGB1","Proliferating_S"
0.00260561336007966,-0.626159091205389,0.516,0.635,1,"IL1R1","Proliferating_S"
0.00342038899795032,2.44559212603927,0.075,0.01,1,"IL20RA","Proliferating_S"
0.00368019717989855,0.835385948880653,0.301,0.141,1,"ADORA1","Proliferating_S"
0.00427745119280419,-3.70297491488262,0,0.083,1,"IL18R1","Proliferating_S"
0.00523663330364897,0.390273362917445,0.774,0.646,1,"CD99L2","Proliferating_S"
0.00683624873475289,-1.91183142600024,0.054,0.167,1,"CADM3","Proliferating_S"
0.00754169603912827,-0.437187918246621,0.613,0.703,1,"MPZL1","Proliferating_S"
0.00772443319547138,-1.67914916214209,0.065,0.177,1,"ERBB2","Proliferating_S"
0.0102139882330652,1.81072068542599,0.097,0.026,1,"SELL","Proliferating_S"
0.0103529202220976,0.277883764380873,0.925,0.797,1,"CD47","Proliferating_S"
0.0104209041208756,0.179371553671982,0.989,0.953,1,"FGFR1","Proliferating_S"
0.0104350985113643,-3.2875915316525,0,0.068,1,"EPHB1","Proliferating_S"
0.0115788277413488,-1.57102976423502,0.075,0.182,1,"IL6R","Proliferating_S"
0.0119553860355749,-0.484169406644171,0.559,0.635,1,"TGFBR2","Proliferating_S"
0.0145027686157826,-0.485980233565949,0.57,0.667,1,"CDH11","Proliferating_S"
0.0145843355994408,0.715289295000524,0.387,0.234,1,"CADM1","Proliferating_S"
0.0155387574896001,1.31892914070966,0.118,0.042,1,"PILRA","Proliferating_S"
0.0207264242614158,0.996624961298773,0.258,0.151,1,"ITGA3","Proliferating_S"
0.0225816759058073,0.181500744524253,0.957,0.932,1,"ITGB5","Proliferating_S"
0.0242486153170731,-0.948643309685337,0.183,0.292,1,"EPHB2","Proliferating_S"
0.0247778518482042,-1.87955147950948,0.022,0.094,1,"ACVRL1","Proliferating_S"
0.0264175046706347,-1.98761864784815,0.032,0.109,1,"PTH1R","Proliferating_S"
0.0299920647769376,-0.32031528953134,0.699,0.708,1,"EGFR","Proliferating_S"
0.0300508468102373,0.474664229444866,0.495,0.37,1,"ACVR1","Proliferating_S"
0.0307267166353517,-0.864034929544566,0.301,0.38,1,"PVR","Proliferating_S"
0.0337247536323403,-0.350435802150015,0.688,0.76,1,"PLXNB2","Proliferating_S"
0.0382863218719167,0.705366702472898,0.29,0.182,1,"EDA2R","Proliferating_S"
0.0390834431579521,-0.188746280923126,0.914,0.906,1,"IL6ST","Proliferating_S"
0.0421297616572303,-0.261839292918485,0.667,0.745,1,"IFNGR2","Proliferating_S"
0.0427300232069589,-0.172914063193204,0.914,0.917,1,"LRP1","Proliferating_S"
0.0497547251052223,-0.373575786351814,0.516,0.615,1,"FZD1","Proliferating_S"
0.0520803423751569,-0.644297615977759,0.301,0.401,1,"LRP5","Proliferating_S"
0.0530399829951409,0.951877401223341,0.247,0.156,1,"IL15RA","Proliferating_S"
0.0531945280880958,-0.745080560864139,0.28,0.365,1,"NTRK2","Proliferating_S"
0.0586811572072616,-0.142387854718891,0.462,0.599,1,"VCAM1","Proliferating_S"
0.0600913401642328,-0.131989248954913,0.978,0.974,1,"AXL","Proliferating_S"
0.0642161750667164,-0.57206240309053,0.226,0.339,1,"JAG1","Proliferating_S"
0.0670779845306868,0.366396219613185,0.656,0.557,1,"NLGN2","Proliferating_S"
0.0681224074130978,1.57427078254698,0.054,0.016,1,"SSTR2","Proliferating_S"
0.0681766122257988,1.05804982016016,0.14,0.073,1,"FGFR3","Proliferating_S"
0.0703751997008077,0.318042961139222,0.419,0.297,1,"MET","Proliferating_S"
0.0718405760189239,0.616440897771543,0.269,0.177,1,"BMPR1A","Proliferating_S"
0.0788992097558828,-1.15620375781525,0.075,0.146,1,"TNFRSF9","Proliferating_S"
0.0808123454892373,-0.741704405972253,0.129,0.214,1,"ICAM1","Proliferating_S"
0.0821689006800441,0.396584794119022,0.441,0.339,1,"SDC3","Proliferating_S"
0.0864455971103266,-0.695732110739504,0.075,0.151,1,"F2R","Proliferating_S"
0.0885383221105373,-0.120388081452728,0.946,0.953,1,"ITGA5","Proliferating_S"
0.0922970020459767,-1.38777473514511,0.011,0.052,1,"GFRA1","Proliferating_S"
0.0943384809558939,-0.797490535376532,0.086,0.161,1,"ITGB3","Proliferating_S"
0.102160741447868,0.161414703152358,0.914,0.875,1,"SDC4","Proliferating_S"
0.105513758070008,0.378933436660452,0.516,0.401,1,"ITGA1","Proliferating_S"
0.114095761737726,-1.03117919741356,0.086,0.151,1,"EDNRA","Proliferating_S"
0.115872846312731,0.176956425254241,0.667,0.51,1,"BDKRB2","Proliferating_S"
0.132397971816906,-1.12826964669721,0.065,0.12,1,"EPHB3","Proliferating_S"
0.142421786025189,0.360959953451812,0.452,0.359,1,"TNFRSF1B","Proliferating_S"
0.142754707683093,-0.999648207767279,0.108,0.167,1,"SMO","Proliferating_S"
0.146666410634091,-0.382730612453841,0.194,0.276,1,"ITGA2","Proliferating_S"
0.16110510084981,-0.423939925947127,0.419,0.484,1,"BMPR2","Proliferating_S"
0.163279124814903,-0.580622512962623,0.075,0.13,1,"PODXL","Proliferating_S"
0.165440119704561,0.147403054205622,0.763,0.708,1,"IL13RA1","Proliferating_S"
0.168185377665131,-1.28753292351315,0.022,0.057,1,"GPR1","Proliferating_S"
0.170492905786857,-0.541205142359846,0.043,0.089,1,"AGTR1","Proliferating_S"
0.174826613867751,-1.19646965583226,0.022,0.057,1,"ACKR4","Proliferating_S"
0.176118604216606,-0.595136473060931,0.172,0.234,1,"NECTIN3","Proliferating_S"
0.182057271021203,-1.44440272634426,0.043,0.083,1,"PLXNA2","Proliferating_S"
0.213299063676203,0.439365149718566,0.065,0.031,1,"CXCR4","Proliferating_S"
0.22267594759515,0.164633095888027,0.645,0.562,1,"ITGAV","Proliferating_S"
0.237774589342071,0.968626183617416,0.054,0.026,1,"CHRNA5","Proliferating_S"
0.27860051975605,-0.782734513549725,0.032,0.062,1,"ACVR2B","Proliferating_S"
0.280804558285179,0.179276950162365,0.688,0.651,1,"ADIPOR1","Proliferating_S"
0.2845804803002,0.280312211657669,0.527,0.484,1,"NECTIN2","Proliferating_S"
0.285283767577799,1.13810342070031,0.065,0.036,1,"NTNG2","Proliferating_S"
0.291514324510824,0.215252266792069,0.226,0.172,1,"LEPR","Proliferating_S"
0.29389580541577,0.180861581016989,0.204,0.146,1,"FZD7","Proliferating_S"
0.310529004748515,0.217857712686454,0.548,0.453,1,"DAG1","Proliferating_S"
0.312926641592931,-0.72355847161459,0.065,0.099,1,"NPR2","Proliferating_S"
0.313247438111026,0.147609181858355,0.484,0.438,1,"PTPRF","Proliferating_S"
0.314765000460408,-0.484943433551973,0.14,0.182,1,"JAM2","Proliferating_S"
0.326463476227121,-0.323534131294525,0.387,0.417,1,"SV2A","Proliferating_S"
0.331490248912362,0.300645370173089,0.183,0.135,1,"CNTNAP1","Proliferating_S"
0.345929570249778,-0.84670566960304,0.054,0.083,1,"PLXNB1","Proliferating_S"
0.396116131613923,0.146321029104935,0.527,0.453,1,"ITGAE","Proliferating_S"
0.39995710096935,-0.258920035385341,0.387,0.401,1,"IL17RA","Proliferating_S"
0.409875166790867,-0.372067436178965,0.409,0.417,1,"IFNGR1","Proliferating_S"
0.427883737572327,0.285683747703258,0.151,0.115,1,"NOTCH1","Proliferating_S"
0.428367045597918,-0.358023622099295,0.075,0.104,1,"FZD3","Proliferating_S"
0.435090449211664,-0.292603027430844,0.043,0.068,1,"NTNG1","Proliferating_S"
0.439871253089493,-0.7674848108961,0.065,0.089,1,"CD34","Proliferating_S"
0.447662478871792,0.165826099643034,0.634,0.552,1,"ACKR3","Proliferating_S"
0.459326442439914,-0.374432920358052,0.065,0.089,1,"FGFR2","Proliferating_S"
0.461930960756636,-0.406874175907618,0.032,0.052,1,"PECAM1","Proliferating_S"
0.467582537044822,0.266724026255154,0.151,0.115,1,"FZD10","Proliferating_S"
0.483319041023343,0.143544300931873,0.086,0.062,1,"CD274","Proliferating_S"
0.517516189341705,-0.180015915092766,0.634,0.63,1,"BDKRB1","Proliferating_S"
0.517972361046153,-0.190551947576376,0.226,0.271,1,"ITGB8","Proliferating_S"
0.52117209635631,-0.53559467796825,0.301,0.312,1,"IL7R","Proliferating_S"
0.531880298955748,0.368380731547515,0.14,0.115,1,"SORT1","Proliferating_S"
0.554697407440463,0.145902818243852,0.215,0.177,1,"CD4","Proliferating_S"
0.568369077261843,0.2298338323317,0.065,0.047,1,"IL27RA","Proliferating_S"
0.578353643973766,-0.211894801248137,0.409,0.427,1,"FAS","Proliferating_S"
0.581875260230045,-0.534676243722056,0.043,0.057,1,"CDH2","Proliferating_S"
0.59427170207617,0.132864372381348,0.269,0.234,1,"CD40","Proliferating_S"
0.594716108438785,0.314076957845098,0.237,0.208,1,"EPHB4","Proliferating_S"
0.594975925547146,-0.298672676248945,0.065,0.083,1,"PTCH1","Proliferating_S"
0.686411646058248,-0.158097149198389,0.237,0.255,1,"PARD3","Proliferating_S"
0.691194441984959,0.39031664015263,0.151,0.135,1,"TNFRSF14","Proliferating_S"
0.727598447354253,-0.161499269841879,0.14,0.156,1,"NECTIN1","Proliferating_S"
0.734494524745442,-0.133033469588153,0.344,0.349,1,"IL17RC","Proliferating_S"
0.748412757578998,-0.161420374289839,0.129,0.141,1,"ADORA2B","Proliferating_S"
0.808204881527545,0.291034322735745,0.065,0.057,1,"IL1RL2","Proliferating_S"
0.81894758623089,-0.150720621708503,0.161,0.167,1,"PLXNA4","Proliferating_S"
0.830981558661776,-0.230048850080804,0.215,0.219,1,"PTPRM","Proliferating_S"
0.837912067871712,0.177977747784425,0.409,0.411,1,"IL4R","Proliferating_S"
0.843235983016618,0.147408843000511,0.387,0.375,1,"PLXNA3","Proliferating_S"
0.860669878344798,-0.110422523043797,0.065,0.057,1,"TLR4","Proliferating_S"
0.874955083695091,0.495216207162232,0.075,0.073,1,"FZD6","Proliferating_S"
0.885424750776733,-0.17381564871191,0.054,0.057,1,"BMPR1B","Proliferating_S"
0.968501171099991,0.328410886412997,0.161,0.161,1,"NPR3","Proliferating_S"
0.976404859038393,-0.46383801013171,0.129,0.12,1,"CD74","Proliferating_S"
2.4166410656682e-11,-6.90693368366741,0,0.1,6.13512667341186e-07,"IL12RB2","FC-Degenerated"
2.4166410656682e-11,-6.73108590819314,0,0.1,6.13512667341186e-07,"IL18RAP","FC-Degenerated"
5.35452247719435e-08,-3.77678558187107,0.02,0.3,0.00135935262128533,"ERBB2","FC-Degenerated"
9.25224075487219e-06,-3.82909369369997,0.013,0.2,0.23488663604394,"FZD4","FC-Degenerated"
1.18287477120291e-05,-3.30703396260543,0.013,0.2,0.300296418165282,"NGFR","FC-Degenerated"
2.3503202141112e-05,-2.06288536935413,0.087,0.5,0.59667579275641,"NOTCH3","FC-Degenerated"
2.87063676030915e-05,-2.56676295376334,0.033,0.3,0.728768554339683,"CD74","FC-Degenerated"
3.71259635768264e-05,-3.62017873287571,0.016,0.2,0.942516837324891,"IL3RA","FC-Degenerated"
3.87806934904477e-05,-3.29796483329766,0.016,0.2,0.984525465641997,"CHRNE","FC-Degenerated"
5.41665883588245e-05,-1.66315933355951,0.344,0.9,1,"SDC2","FC-Degenerated"
7.6258676479218e-05,-2.35534791561578,0.105,0.5,1,"JAG1","FC-Degenerated"
0.000192089625136407,-2.84288887416433,0.042,0.3,1,"ITGB3","FC-Degenerated"
0.000208427419759103,-5.58632246524076,0.004,0.1,1,"MCHR1","FC-Degenerated"
0.000208427419759103,-5.19260993460667,0.004,0.1,1,"NECTIN4","FC-Degenerated"
0.00022312182498654,-4.2059003108821,0.004,0.1,1,"NTRK1","FC-Degenerated"
0.000238784576664729,-4.30321255612809,0.004,0.1,1,"CLDN11","FC-Degenerated"
0.000354962221124538,-2.28295969962197,0.045,0.3,1,"CHRNB1","FC-Degenerated"
0.000503073982321102,-3.24784870306932,0.022,0.2,1,"PLXNC1","FC-Degenerated"
0.000534250933391068,-1.79864720265804,0.045,0.3,1,"IL1RL2","FC-Degenerated"
0.00072966698136177,-2.17245804281617,0.047,0.3,1,"JAM2","FC-Degenerated"
0.00173149248595189,-4.439301417496,0.007,0.1,1,"IL27RA","FC-Degenerated"
0.00185975583886445,-1.54882977572136,0.127,0.5,1,"CAP1","FC-Degenerated"
0.00289433986892103,-2.05808254980625,0.058,0.3,1,"BMPR1A","FC-Degenerated"
0.00302520516212114,-0.964098918230989,0.605,1,1,"ITGA5","FC-Degenerated"
0.00652311368634569,-1.08683528869545,0.232,0.7,1,"ACVR1","FC-Degenerated"
0.00714677343837095,0.39038261061363,0.971,1,1,"CD44","FC-Degenerated"
0.00875359393786214,0.861804592024073,0.855,0.8,1,"NRP2","FC-Degenerated"
0.00880507599206691,-1.94816704550978,0.071,0.3,1,"IL18R1","FC-Degenerated"
0.00900694222562777,-1.52952398246124,0.112,0.4,1,"LRP5","FC-Degenerated"
0.0100984203981423,-1.35361428344856,0.109,0.4,1,"ITGA11","FC-Degenerated"
0.0177462237762063,-1.94280905390632,0.04,0.2,1,"PECAM1","FC-Degenerated"
0.019027546787983,1.84953265266126,0.565,0.2,1,"TNFRSF1B","FC-Degenerated"
0.0202359286397636,1.84438055180206,0.603,0.4,1,"ACKR3","FC-Degenerated"
0.0260383997655863,-1.16916933335398,0.254,0.6,1,"IFNGR1","FC-Degenerated"
0.0290385272306772,-1.17238570985203,0.085,0.3,1,"NTRK2","FC-Degenerated"
0.0337363132690448,2.05361893829228,0.446,0.1,1,"ITGB8","FC-Degenerated"
0.0367667244949163,1.54280183228673,0.652,0.5,1,"TNFRSF11B","FC-Degenerated"
0.0379990716924975,-1.48067526842902,0.096,0.3,1,"IL1RL1","FC-Degenerated"
0.0406069272204292,2.2056281107328,0.411,0.1,1,"ITGA1","FC-Degenerated"
0.0511034745826675,0.682026887871747,0.806,0.8,1,"SDC4","FC-Degenerated"
0.0551620285559149,-1.21474214691461,0.051,0.2,1,"FZD6","FC-Degenerated"
0.056620172444118,0.884707275344338,0.69,0.8,1,"TNFRSF12A","FC-Degenerated"
0.0570776095878824,3.29023914744682,0.275,0,1,"CD274","FC-Degenerated"
0.0590385469465569,2.36709445808381,0.435,0.2,1,"VCAM1","FC-Degenerated"
0.0615951732709895,0.327876045854194,0.848,1,1,"ITGB1","FC-Degenerated"
0.0666915839993504,-2.6611013735685,0.018,0.1,1,"IL1R2","FC-Degenerated"
0.0690322577710188,1.0203434116464,0.647,0.5,1,"ITGB5","FC-Degenerated"
0.074158574645214,-1.06029673939248,0.163,0.4,1,"PLXNA1","FC-Degenerated"
0.0792600338320209,-0.590927866615572,0.257,0.6,1,"CD99L2","FC-Degenerated"
0.082311215288085,-1.26892993784131,0.112,0.3,1,"FZD2","FC-Degenerated"
0.0890713929509005,3.11985784102902,0.23,0,1,"PILRA","FC-Degenerated"
0.0905786800966091,-1.37040185529958,0.185,0.4,1,"PDGFRB","FC-Degenerated"
0.0949218453626333,-2.02926064077823,0.02,0.1,1,"FZD9","FC-Degenerated"
0.0960773638745414,-1.23208528324139,0.118,0.3,1,"LIFR","FC-Degenerated"
0.0977866116185995,-0.886898646256761,0.17,0.4,1,"ICAM1","FC-Degenerated"
0.098863452708342,-1.7750261950906,0.065,0.2,1,"NOTCH1","FC-Degenerated"
0.108735714831905,-0.549966730914177,0.605,1,1,"NOTCH2","FC-Degenerated"
0.114024436411438,-2.06577305211528,0.022,0.1,1,"OXTR","FC-Degenerated"
0.118375569934603,-1.20435350676663,0.065,0.2,1,"TNFRSF9","FC-Degenerated"
0.120298895448538,-0.965239276084298,0.27,0.5,1,"CADM1","FC-Degenerated"
0.124208563349858,0.715560194171612,0.737,0.7,1,"CD55","FC-Degenerated"
0.127196715443631,-0.673870246866216,0.373,0.7,1,"LTBR","FC-Degenerated"
0.127276076838662,1.72586915113662,0.317,0.1,1,"MET","FC-Degenerated"
0.132022411404014,-1.21691392896733,0.069,0.2,1,"SSTR2","FC-Degenerated"
0.139776105903595,-0.746835097858284,0.181,0.4,1,"PARD3","FC-Degenerated"
0.150340976139438,-1.04229249245268,0.134,0.3,1,"FZD7","FC-Degenerated"
0.152199311733358,-1.74653735693717,0.025,0.1,1,"CDH15","FC-Degenerated"
0.18045238729622,-1.66208512876239,0.027,0.1,1,"CADM3","FC-Degenerated"
0.18045238729622,-1.8395335624686,0.027,0.1,1,"EPHB3","FC-Degenerated"
0.183848307230447,-0.980735390106068,0.141,0.3,1,"IL13RA2","FC-Degenerated"
0.209638763637928,1.08899868213428,0.473,0.4,1,"BDKRB2","FC-Degenerated"
0.209925789980271,0.586797221158048,0.638,0.6,1,"GLG1","FC-Degenerated"
0.212040701607932,-0.970369600537572,0.147,0.3,1,"LRP6","FC-Degenerated"
0.214311091046633,-2.63194454763119,0.031,0.1,1,"CD4","FC-Degenerated"
0.214932645868607,-0.596560269860496,0.138,0.3,1,"NEGR1","FC-Degenerated"
0.218206552371991,-1.43028001424331,0.029,0.1,1,"IL17RB","FC-Degenerated"
0.224449783794573,-0.506642219297369,0.489,0.8,1,"ADIPOR1","FC-Degenerated"
0.226102708670484,-1.88037673080363,0.031,0.1,1,"C5AR1","FC-Degenerated"
0.229094176803195,0.625269354231634,0.625,0.6,1,"LRP1","FC-Degenerated"
0.238556194913625,0.984638189010054,0.464,0.4,1,"BDKRB1","FC-Degenerated"
0.251936269067308,-0.55100903242838,0.143,0.3,1,"PTPRF","FC-Degenerated"
0.258695939108254,-0.799931442098578,0.257,0.4,1,"IL7R","FC-Degenerated"
0.263647309885974,-0.506400251286542,0.283,0.5,1,"BMPR2","FC-Degenerated"
0.26555044001303,1.72879139528859,0.112,0,1,"ITGA3","FC-Degenerated"
0.274432148941718,-0.535033266043566,0.371,0.6,1,"PLXNB2","FC-Degenerated"
0.287825015477331,1.75280579028582,0.103,0,1,"ITGA10","FC-Degenerated"
0.300372258317306,-0.543396630308837,0.297,0.5,1,"ADIPOR2","FC-Degenerated"
0.30457254557013,-0.312078832804693,0.375,0.7,1,"TNFRSF1A","FC-Degenerated"
0.31014262590444,0.679259772696212,0.493,0.4,1,"IL13RA1","FC-Degenerated"
0.310508229219895,-1.19238675241696,0.036,0.1,1,"NTNG2","FC-Degenerated"
0.311152747146691,1.60912835533072,0.214,0.1,1,"TGFBR2","FC-Degenerated"
0.314344117128376,0.978366078981842,0.424,0.4,1,"INSR","FC-Degenerated"
0.317125612087603,1.27174824386889,0.217,0.1,1,"TNFRSF10A","FC-Degenerated"
0.345593244474216,1.13750493687536,0.083,0,1,"EDA2R","FC-Degenerated"
0.352771673869471,1.21214675299984,0.08,0,1,"SDC3","FC-Degenerated"
0.367652815854129,1.21184875326287,0.076,0,1,"PTCH1","FC-Degenerated"
0.367652815854129,1.25767228584858,0.076,0,1,"TNFRSF14","FC-Degenerated"
0.369041623929597,-0.899575622783585,0.105,0.2,1,"ACVR1B","FC-Degenerated"
0.369844346840595,-0.713529943236992,0.1,0.2,1,"ITGAE","FC-Degenerated"
0.382901035627784,-0.586440455961718,0.172,0.3,1,"SV2A","FC-Degenerated"
0.384015128594762,-0.990903736515709,0.04,0.1,1,"SMO","FC-Degenerated"
0.389751173723212,-0.317425506021897,0.1,0.2,1,"NECTIN3","FC-Degenerated"
0.391393688654889,1.1607777884044,0.069,0,1,"EDNRA","FC-Degenerated"
0.40826452747842,1.00058490818658,0.065,0,1,"TLR4","FC-Degenerated"
0.409064689956387,-1.04456819920568,0.042,0.1,1,"AGTR1","FC-Degenerated"
0.433705311212454,0.565001373421203,0.449,0.4,1,"IGF2R","FC-Degenerated"
0.445532024576818,-0.395928951445442,0.248,0.4,1,"NLGN2","FC-Degenerated"
0.448944606779461,-0.284423982903114,0.48,0.8,1,"IFNAR1","FC-Degenerated"
0.454713999356925,0.498993912639633,0.054,0,1,"ITGA6","FC-Degenerated"
0.454713999356925,0.578910937488089,0.054,0,1,"ADORA2B","FC-Degenerated"
0.454925121748138,-0.19639034523231,0.42,0.7,1,"PDGFRA","FC-Degenerated"
0.516715302724161,1.60442924787769,0.163,0.1,1,"CXCR4","FC-Degenerated"
0.521733751669893,-0.809228232933082,0.129,0.2,1,"IL6R","FC-Degenerated"
0.527671629657109,-0.617040616995983,0.228,0.3,1,"IL10RB","FC-Degenerated"
0.56088541552316,-0.164766189913112,0.194,0.3,1,"CDH11","FC-Degenerated"
0.561994480573817,-0.673902318952252,0.054,0.1,1,"IL1RAP","FC-Degenerated"
0.5637809224474,0.829817013577884,0.156,0.1,1,"PTPRM","FC-Degenerated"
0.576930771423507,-0.168448843852475,0.192,0.3,1,"IL15RA","FC-Degenerated"
0.580944831563099,0.205034430732451,0.636,0.7,1,"OSMR","FC-Degenerated"
0.581282021809604,-0.192453313095805,0.641,0.7,1,"AXL","FC-Degenerated"
0.595087508402116,-0.76648244262147,0.141,0.2,1,"ITGA2","FC-Degenerated"
0.612743414234035,-0.193450769088511,0.781,1,1,"CD99","FC-Degenerated"
0.61396070716758,-0.310253829707232,0.42,0.5,1,"ITGAV","FC-Degenerated"
0.614299849374962,-0.275065202598849,0.502,0.6,1,"IL1R1","FC-Degenerated"
0.620952394578391,-0.843619324284018,0.06,0.1,1,"PLXND1","FC-Degenerated"
0.635091399302711,0.341052508598364,0.154,0.1,1,"CMKLR1","FC-Degenerated"
0.63544001095144,-0.717798838299039,0.246,0.3,1,"NECTIN2","FC-Degenerated"
0.639236992870013,-1.54773521226603,0.067,0.1,1,"FZD3","FC-Degenerated"
0.64163593148105,-0.615207261153832,0.06,0.1,1,"ADORA1","FC-Degenerated"
0.643459426066889,-0.403502595207899,0.138,0.2,1,"FAS","FC-Degenerated"
0.677980269660151,0.835330554934026,0.134,0.1,1,"CD40","FC-Degenerated"
0.678709774295899,0.219856319175583,0.201,0.3,1,"ALCAM","FC-Degenerated"
0.681068436832639,-0.207287542497333,0.663,0.9,1,"IL6ST","FC-Degenerated"
0.689866073229308,-1.05174569111327,0.069,0.1,1,"IFNAR2","FC-Degenerated"
0.699827747537246,-0.692435058011222,0.067,0.1,1,"ACVR2B","FC-Degenerated"
0.71292676075454,0.887928480792533,0.127,0.1,1,"LEPR","FC-Degenerated"
0.727152629019537,0.318456202057966,0.471,0.6,1,"CD47","FC-Degenerated"
0.731093764864079,-0.151448037332244,0.777,0.9,1,"FGFR1","FC-Degenerated"
0.735984947119742,0.168061231102819,0.136,0.1,1,"IL17RC","FC-Degenerated"
0.773771927708435,-0.201588050513735,0.152,0.2,1,"IGF1R","FC-Degenerated"
0.784511166898781,0.219293628565585,0.214,0.3,1,"TGFBR1","FC-Degenerated"
0.799173241895177,0.701521739258904,0.116,0.1,1,"NECTIN1","FC-Degenerated"
0.808143367382425,-0.656227587248081,0.08,0.1,1,"SDC1","FC-Degenerated"
0.808239615933392,0.101972160533388,0.232,0.3,1,"FZD1","FC-Degenerated"
0.827913233387535,0.190822480674343,0.368,0.5,1,"FZD8","FC-Degenerated"
0.829427733765089,0.166477787397533,0.15,0.2,1,"NRP1","FC-Degenerated"
0.884075277777579,0.453692836214662,0.192,0.2,1,"EPHB2","FC-Degenerated"
0.957103368075946,0.344250205754667,0.098,0.1,1,"FZD10","FC-Degenerated"
0.965241733781862,-0.179599470924638,0.103,0.1,1,"GFRA2","FC-Degenerated"
0.973128571121969,0.20354093481936,0.188,0.2,1,"JAM3","FC-Degenerated"
1.69895107852358e-06,-1.90643671790917,0.319,0.929,0.0431312710304783,"IL2RA","Macrophage"
4.46000309034707e-06,-3.49426927765372,0.053,0.429,0.113226098454641,"CCR7","Macrophage"
1.38141917667209e-05,-1.95838711075241,0.274,0.786,0.350700886381744,"FZD1","Macrophage"
3.18455738192825e-05,-4.90801281966658,0.009,0.214,0.808463582550124,"CD226","Macrophage"
5.92240579463192e-05,-5.38986972923855,0,0.143,1,"OXTR","Macrophage"
9.04459666299986e-05,-1.50920411978378,0.478,0.929,1,"CD74","Macrophage"
0.000185197822156867,-4.17946492900999,0.035,0.286,1,"MCAM","Macrophage"
0.000264331054381716,-2.47597582350854,0.133,0.5,1,"NOTCH3","Macrophage"
0.000587091554510063,2.45519141206476,0.699,0.214,1,"C5AR1","Macrophage"
0.00059389173237983,-1.90969002881245,0.274,0.643,1,"PDGFRB","Macrophage"
0.000765424849555195,-1.57466815150031,0.292,0.714,1,"ICAM1","Macrophage"
0.000945572130413052,-1.86222524807604,0.212,0.571,1,"ITGA11","Macrophage"
0.00122181215319626,-1.47941974910911,0.319,0.714,1,"ALCAM","Macrophage"
0.00245021069643084,-1.98211228822422,0.186,0.5,1,"PTPRF","Macrophage"
0.00285837523088067,-2.30757653367419,0.142,0.429,1,"JAG1","Macrophage"
0.00486432040642179,-4.5995276302169,0,0.071,1,"IL12RB2","Macrophage"
0.00486432040642179,-4.88569332803526,0,0.071,1,"TNFRSF4","Macrophage"
0.00486432040642179,-5.46954044966453,0,0.071,1,"NPY1R","Macrophage"
0.00486432040642179,-4.22810072513934,0,0.071,1,"CLDN11","Macrophage"
0.00486432040642179,-4.72773005700367,0,0.071,1,"EPHA5","Macrophage"
0.00486432040642179,-4.82145070575669,0,0.071,1,"NLGN1","Macrophage"
0.00641926931414205,-1.33439271496191,0.248,0.571,1,"IL15RA","Macrophage"
0.00722895238493684,-1.84267549485456,0.035,0.214,1,"ACVR2B","Macrophage"
0.00790596406960333,3.82588076028569,0.363,0,1,"ADIPOR2","Macrophage"
0.00960667181916094,-1.18656927450395,0.327,0.643,1,"PLXND1","Macrophage"
0.0107675651311392,-3.22914174223444,0.044,0.214,1,"NPR3","Macrophage"
0.0116188177976314,-1.37850809359928,0.106,0.357,1,"IL2RG","Macrophage"
0.0165309398777213,-0.752407835906356,0.558,0.857,1,"CD47","Macrophage"
0.0210656924918836,0.770229716044609,0.912,0.786,1,"TNFRSF1B","Macrophage"
0.0214048606323158,-0.849880250429071,0.504,0.786,1,"PDGFRA","Macrophage"
0.0224039397226423,1.38839927790127,0.602,0.357,1,"IL13RA1","Macrophage"
0.0284741418335929,-2.12089210666764,0.097,0.286,1,"PARD3","Macrophage"
0.0294838116606295,-1.98651242820217,0.097,0.286,1,"TNFRSF9","Macrophage"
0.0324885188443327,-0.464045091869424,0.858,1,1,"CD99","Macrophage"
0.0334763762886992,-0.888073583660393,0.363,0.643,1,"CD40","Macrophage"
0.0353471348043954,1.56736490759507,0.504,0.214,1,"IFNGR1","Macrophage"
0.0405170206602392,2.66830784724132,0.327,0.071,1,"CMKLR1","Macrophage"
0.0474988256016359,3.03692242126006,0.23,0,1,"SORT1","Macrophage"
0.0516364937547863,-0.581541007980324,0.628,0.857,1,"ITGB8","Macrophage"
0.0529917153345707,2.93591199106746,0.221,0,1,"ITGAE","Macrophage"
0.0668444056267153,1.13459184524989,0.549,0.286,1,"IL10RB","Macrophage"
0.0722659430800219,0.859889262888639,0.655,0.429,1,"ADIPOR1","Macrophage"
0.0735576220690946,0.738062051932516,0.699,0.5,1,"CD55","Macrophage"
0.0752215783486023,1.43675607519431,0.46,0.214,1,"BMPR2","Macrophage"
0.077230275487125,-3.16695103542221,0.009,0.071,1,"EDNRB","Macrophage"
0.077230275487125,-3.38226843161392,0.009,0.071,1,"NRCAM","Macrophage"
0.077230275487125,-3.1021811343852,0.009,0.071,1,"PODXL","Macrophage"
0.0833998663286233,-2.60665623991357,0.009,0.071,1,"FLT4","Macrophage"
0.0847918981701563,-1.3390706524342,0.115,0.286,1,"ITGA10","Macrophage"
0.0911522723540609,-1.34766942448701,0.195,0.357,1,"JAM3","Macrophage"
0.0925629457430292,-0.161055703883068,0.991,1,1,"CD44","Macrophage"
0.108867832445863,0.927722235442223,0.602,0.5,1,"TNFRSF11B","Macrophage"
0.118648814043905,-0.487730982821396,0.761,0.857,1,"ITGA5","Macrophage"
0.123177973490184,-0.70463835283539,0.354,0.571,1,"EGFR","Macrophage"
0.126520547115419,-1.99053050714785,0.044,0.143,1,"EPHA2","Macrophage"
0.136518674364903,2.52838087991279,0.142,0,1,"MERTK","Macrophage"
0.136518674364903,2.19659939847661,0.142,0,1,"DSG2","Macrophage"
0.146052534662379,0.523020031532492,0.389,0.143,1,"TGFBR1","Macrophage"
0.149252094281105,1.07226882187385,0.584,0.5,1,"CXCR4","Macrophage"
0.153555973800435,-0.42765605168766,0.655,0.786,1,"GLG1","Macrophage"
0.156377778168237,0.647766625230623,0.478,0.214,1,"IL4R","Macrophage"
0.158975366345347,-0.594930921717039,0.496,0.643,1,"NECTIN2","Macrophage"
0.167436965822587,2.14147484321136,0.124,0,1,"IL1RL1","Macrophage"
0.177952984900053,-1.60054167589621,0.168,0.286,1,"FLT1","Macrophage"
0.182771507395432,-1.45561569148632,0.106,0.214,1,"IFNAR2","Macrophage"
0.185391449714025,1.94443299873221,0.115,0,1,"LRP5","Macrophage"
0.185391449714025,2.53468422421179,0.115,0,1,"FPR1","Macrophage"
0.19445816883455,1.14879474814474,0.319,0.143,1,"SDC1","Macrophage"
0.198660101319768,0.953518682133357,0.398,0.214,1,"CD99L2","Macrophage"
0.205285912763201,1.81975313316054,0.106,0,1,"EPOR","Macrophage"
0.208295797638254,-3.36765774474092,0.018,0.071,1,"MPZ","Macrophage"
0.214643089404311,0.53084123108628,0.637,0.429,1,"CCR1","Macrophage"
0.219070533884246,-2.37824693462869,0.018,0.071,1,"MC1R","Macrophage"
0.219070533884246,-1.3605965673052,0.018,0.071,1,"CHRNE","Macrophage"
0.227376422558169,2.08415149191559,0.097,0,1,"FZD2","Macrophage"
0.227376422558169,0.977615814983881,0.097,0,1,"ADORA2B","Macrophage"
0.230239786164604,-1.71149052013515,0.018,0.071,1,"L1CAM","Macrophage"
0.233932446306062,1.53440727519689,0.283,0.143,1,"LILRB3","Macrophage"
0.249828445847463,-0.368314660217584,0.735,1,1,"SDC2","Macrophage"
0.251972517768913,1.44872804803523,0.088,0,1,"FZD3","Macrophage"
0.251972517768913,1.60079520246849,0.088,0,1,"IL18R1","Macrophage"
0.251972517768913,1.25545684011326,0.088,0,1,"ITGA3","Macrophage"
0.26294643536536,-0.569064485201544,0.204,0.357,1,"CSF2RA","Macrophage"
0.266952300242259,-1.02531408124245,0.177,0.286,1,"TNFRSF14","Macrophage"
0.278617828864137,0.544146436680446,0.549,0.429,1,"ACKR3","Macrophage"
0.279455710363335,1.07017304817228,0.08,0,1,"ITGA6","Macrophage"
0.279455710363335,0.864783936403027,0.08,0,1,"PTCH1","Macrophage"
0.279455710363335,0.861864720498834,0.08,0,1,"SV2A","Macrophage"
0.28239272263682,0.509960408611035,0.655,0.571,1,"ITGB2","Macrophage"
0.289089826745849,0.412498764137261,0.761,0.571,1,"IFNAR1","Macrophage"
0.291439943039228,-0.657477166947529,0.239,0.357,1,"IL6R","Macrophage"
0.297943282943795,0.232076538411451,0.319,0.143,1,"ITGA1","Macrophage"
0.302920753158438,-1.8709318859634,0.071,0.143,1,"EDA2R","Macrophage"
0.306175010767959,1.48513985202041,0.177,0.071,1,"NOTCH1","Macrophage"
0.307010479708763,-0.340691885550237,0.274,0.429,1,"IL3RA","Macrophage"
0.310307506423126,1.03899943559522,0.071,0,1,"BMPR1A","Macrophage"
0.310307506423126,2.21826045164472,0.071,0,1,"IL1R2","Macrophage"
0.310307506423126,1.23842873673039,0.071,0,1,"TNFRSF11A","Macrophage"
0.31514195991944,0.890849844180553,0.265,0.143,1,"ITGA2","Macrophage"
0.318176215604384,-0.372429783731573,0.496,0.571,1,"TNFRSF1A","Macrophage"
0.326720469038674,-2.12796613838413,0.071,0.143,1,"EPHB4","Macrophage"
0.328343848448131,-0.266885808924853,0.611,0.714,1,"NRP1","Macrophage"
0.337399935766662,0.353457813758005,0.673,0.5,1,"IGF2R","Macrophage"
0.34324404224387,-1.22962318947672,0.071,0.143,1,"NECTIN3","Macrophage"
0.345153793935884,1.21205989869584,0.062,0,1,"ACVRL1","Macrophage"
0.345153793935884,0.953603552144658,0.062,0,1,"GFRA2","Macrophage"
0.345153793935884,1.52181022580413,0.062,0,1,"ITGA8","Macrophage"
0.35306963069416,-2.27959233435367,0.027,0.071,1,"EDNRA","Macrophage"
0.359288908384206,1.05758567050272,0.168,0.071,1,"TLR4","Macrophage"
0.363996140279054,0.947003914336563,0.31,0.214,1,"CSF1R","Macrophage"
0.366414893803277,-1.96761542667277,0.027,0.071,1,"FGFR3","Macrophage"
0.372633475184052,-1.74518944904749,0.08,0.143,1,"CADM3","Macrophage"
0.380822299041356,0.761566750178281,0.319,0.214,1,"F11R","Macrophage"
0.384599553338761,-0.383090043361682,0.584,0.643,1,"ITGAV","Macrophage"
0.384839204391408,0.408383612487992,0.053,0,1,"GHR","Macrophage"
0.384839204391408,0.936035113015493,0.053,0,1,"FPR2","Macrophage"
0.384839204391408,0.45828378535591,0.053,0,1,"GPR37L1","Macrophage"
0.384839204391408,0.654361885162969,0.053,0,1,"ADORA1","Macrophage"
0.384839204391408,0.414639340309131,0.053,0,1,"NTNG2","Macrophage"
0.384839204391408,0.709643317339653,0.053,0,1,"SELL","Macrophage"
0.385599077815282,-0.383213814486807,0.469,0.571,1,"VCAM1","Macrophage"
0.393822093359797,0.486461063492744,0.469,0.357,1,"BDKRB1","Macrophage"
0.407425529270392,-1.30560780439461,0.08,0.143,1,"FZD10","Macrophage"
0.412452775754189,0.110656267817313,0.168,0.071,1,"FZD7","Macrophage"
0.429366544022658,-0.254724772928599,0.381,0.5,1,"ITGAX","Macrophage"
0.431851790747827,-0.288279646567041,0.681,0.714,1,"IFNGR2","Macrophage"
0.444150682058957,-0.479985314793493,0.487,0.5,1,"BDKRB2","Macrophage"
0.450053747004187,-0.322120205036557,0.363,0.5,1,"PTPRC","Macrophage"
0.455556844697035,-0.414144957946315,0.292,0.357,1,"ACVR1","Macrophage"
0.456145203204512,0.210848560109135,0.699,0.714,1,"SDC4","Macrophage"
0.469398858416108,-0.287151320442438,0.681,0.714,1,"IL6ST","Macrophage"
0.480419814569919,-0.492489500974147,0.212,0.286,1,"FAS","Macrophage"
0.485074057032129,-1.16948354295791,0.15,0.214,1,"IL13RA2","Macrophage"
0.486865083843747,-0.862000447097356,0.319,0.357,1,"CDH11","Macrophage"
0.489058830200728,0.148648101542887,0.46,0.357,1,"PLXNB2","Macrophage"
0.493079422096013,-2.38604784732722,0.035,0.071,1,"FZD4","Macrophage"
0.493079422096013,-2.28227806522247,0.035,0.071,1,"ERBB2","Macrophage"
0.497138810254676,0.612380111290245,0.425,0.357,1,"INSR","Macrophage"
0.503856452480928,0.150234133918809,0.805,0.786,1,"NRP2","Macrophage"
0.513560360006399,-0.421541643054055,0.522,0.643,1,"OSMR","Macrophage"
0.514485763949603,0.207658573952215,0.761,0.643,1,"ITGB5","Macrophage"
0.524307209158559,0.40900119565174,0.513,0.429,1,"IL1R1","Macrophage"
0.537315664709685,-0.762992548912162,0.035,0.071,1,"IL1RL2","Macrophage"
0.54355902456175,0.371651617183944,0.46,0.357,1,"LTBR","Macrophage"
0.549048517918481,-0.383652135778871,0.088,0.143,1,"CCR5","Macrophage"
0.570377774802875,1.14696925990369,0.186,0.143,1,"LILRB1","Macrophage"
0.590738482392693,0.41443956136086,0.283,0.214,1,"PLXNA1","Macrophage"
0.61084539909496,-0.289454555844727,0.301,0.357,1,"IL10RA","Macrophage"
0.611635481987969,0.153472578703737,0.212,0.143,1,"C3AR1","Macrophage"
0.61521838513476,1.17642887870373,0.115,0.071,1,"HCST","Macrophage"
0.616004451344479,0.331689970456676,0.195,0.143,1,"LEPR","Macrophage"
0.616639595614978,-0.467440224050539,0.319,0.357,1,"NLGN2","Macrophage"
0.61789548003903,0.718350308126778,0.274,0.214,1,"PLXNA3","Macrophage"
0.622653923251391,-2.33414402432647,0.044,0.071,1,"JAM2","Macrophage"
0.630718392833642,-0.703783610890383,0.124,0.071,1,"PTPRM","Macrophage"
0.635271066418937,-0.955067579301636,0.106,0.143,1,"ITGAM","Macrophage"
0.637531882579951,-1.52456476568159,0.044,0.071,1,"CHRNB1","Macrophage"
0.639991514700928,0.337625240685379,0.195,0.143,1,"ITGB3","Macrophage"
0.645842381108627,0.147199069411227,0.283,0.214,1,"PECAM1","Macrophage"
0.652557348665167,-1.18022693979205,0.044,0.071,1,"TYRO3","Macrophage"
0.665273160257994,-0.966346169579108,0.115,0.143,1,"LIFR","Macrophage"
0.677508964817217,0.366551218523956,0.319,0.286,1,"FZD8","Macrophage"
0.687373063345729,0.228217951712628,0.097,0.143,1,"MRC1","Macrophage"
0.703722653075498,0.14940478813714,0.274,0.214,1,"CD209","Macrophage"
0.705185354155731,-0.478626526598772,0.177,0.214,1,"LILRB2","Macrophage"
0.721058426576073,0.314608847565653,0.46,0.429,1,"MET","Macrophage"
0.740721930851072,-1.74666788972043,0.053,0.071,1,"IL17RE","Macrophage"
0.770310816684804,-0.959665869073799,0.053,0.071,1,"ACVR2A","Macrophage"
0.770310816684804,-1.15517436624047,0.053,0.071,1,"ITGAL","Macrophage"
0.773111189136829,-0.418314944636021,0.195,0.214,1,"PVR","Macrophage"
0.77948717323,-0.204009987351064,0.54,0.5,1,"TNFRSF12A","Macrophage"
0.782457172285452,-0.476421854768202,0.186,0.214,1,"MARCO","Macrophage"
0.785234668861599,-1.08278484994258,0.053,0.071,1,"CNTNAP1","Macrophage"
0.798089639390654,0.346719794382642,0.168,0.143,1,"CAP1","Macrophage"
0.803429646113238,0.569806962781689,0.159,0.143,1,"ACVR1B","Macrophage"
0.819931806263155,0.48152414009404,0.168,0.214,1,"HAVCR2","Macrophage"
0.837466104306022,0.24439072925122,0.088,0.071,1,"NCAM1","Macrophage"
0.845641410595815,0.110317694057822,0.257,0.286,1,"TNFRSF10A","Macrophage"
0.862198410231986,-0.576674024306387,0.088,0.071,1,"IGF1R","Macrophage"
0.870529645132755,-0.209943860776591,0.265,0.286,1,"NEGR1","Macrophage"
0.875655854943594,-0.209839389615633,0.257,0.214,1,"SDC3","Macrophage"
0.888576350448575,0.456226163806658,0.08,0.071,1,"PLXNA2","Macrophage"
0.958597173649907,-1.04499182224009,0.071,0.071,1,"AGTR1","Macrophage"
0.966978577680048,-0.163304475386641,0.336,0.286,1,"CD274","Macrophage"
0.972391228825458,-0.461863475412949,0.071,0.071,1,"SMO","Macrophage"
0.986193547587891,-0.528960266899373,0.071,0.071,1,"PLXNA4","Macrophage"
1,-0.363295247040018,0.15,0.143,1,"IL17RC","Macrophage"
1.28174712363879e-11,-6.77915716436208,0,0.053,3.2539714227818e-07,"NCR3","FC-ECM"
1.12445453116411e-07,-4.61468671436108,0.005,0.105,0.00285465271826633,"NGFR","FC-ECM"
1.0182615603203e-06,-5.50103323510656,0.006,0.105,0.0258506062318514,"NCAM1","FC-ECM"
9.03049430540206e-05,-2.04310940897583,0.097,0.368,1,"EDA2R","FC-ECM"
0.00150731468066772,-4.342958259728,0.003,0.053,1,"ADCYAP1R1","FC-ECM"
0.00168729832122296,0.321983301730574,0.995,1,1,"CD44","FC-ECM"
0.00227512399841572,-1.87328277028571,0.074,0.263,1,"IL1RAP","FC-ECM"
0.00254462145383163,-0.300018663873097,0.977,1,1,"CD99","FC-ECM"
0.0027244926722608,-2.11514620301807,0.031,0.158,1,"MCAM","FC-ECM"
0.00956349687596712,0.757595298005909,0.856,0.579,1,"TNFRSF11B","FC-ECM"
0.0115204343950014,-2.22112453094044,0.066,0.211,1,"FGFR2","FC-ECM"
0.0129260987528769,-4.91045508818152,0.006,0.053,1,"IL31RA","FC-ECM"
0.0138794335742597,-3.30330836897431,0.006,0.053,1,"CD72","FC-ECM"
0.0139491316222379,-2.51211924798918,0.021,0.105,1,"FGFR3","FC-ECM"
0.0205961674193591,1.11887826556665,0.562,0.368,1,"CDH11","FC-ECM"
0.0207500423066083,3.19064803645478,0.225,0,1,"FZD7","FC-ECM"
0.0248450393261902,-3.67604836300251,0.007,0.053,1,"GPR19","FC-ECM"
0.0256133024483026,-3.4623302891284,0.007,0.053,1,"ITGAX","FC-ECM"
0.0258317317771538,-0.922353945621917,0.322,0.526,1,"CMKLR1","FC-ECM"
0.0267529902942218,-0.563751356859564,0.88,1,1,"ITGA5","FC-ECM"
0.0275888153408366,-2.10690229732329,0.024,0.105,1,"FLT1","FC-ECM"
0.0352198203466868,-0.6284819302575,0.575,0.789,1,"LTBR","FC-ECM"
0.0352637712207003,3.2712432635607,0.192,0,1,"IL7R","FC-ECM"
0.0466265506688248,0.622281958776139,0.485,0.211,1,"CADM1","FC-ECM"
0.0503835768938051,-1.59238901925066,0.027,0.105,1,"EDNRA","FC-ECM"
0.0527238720798447,-1.69412058705666,0.055,0.158,1,"IL17RB","FC-ECM"
0.0536920313547367,3.02644679585094,0.166,0,1,"NPR3","FC-ECM"
0.0553639328869534,1.10776491853045,0.48,0.263,1,"ITGB8","FC-ECM"
0.0554868766968727,0.338982692280899,0.887,0.789,1,"AXL","FC-ECM"
0.0577097560909468,-0.500836092409898,0.63,0.737,1,"SDC2","FC-ECM"
0.0590956574355498,-3.33427007033838,0.009,0.053,1,"ITGA7","FC-ECM"
0.0626760479010621,-2.83073270760163,0.009,0.053,1,"ITGB6","FC-ECM"
0.062808852815348,0.409846697459277,0.822,0.684,1,"ACKR3","FC-ECM"
0.0809290605047716,-1.53258018237412,0.132,0.263,1,"PLXND1","FC-ECM"
0.094332236290255,-0.277859074728285,0.877,0.895,1,"ITGB5","FC-ECM"
0.0952482071751748,0.760930967910994,0.503,0.316,1,"TGFBR2","FC-ECM"
0.103292544376136,2.37548817429876,0.124,0,1,"CD274","FC-ECM"
0.10543051842866,-0.556518660680936,0.408,0.579,1,"ITGA11","FC-ECM"
0.10769285238329,1.87388324088152,0.192,0.053,1,"CD40","FC-ECM"
0.108605394853238,-1.36411438537555,0.065,0.158,1,"ERBB2","FC-ECM"
0.1105702784733,0.481402732456022,0.765,0.684,1,"BDKRB2","FC-ECM"
0.117874177725209,-1.29438045282592,0.151,0.263,1,"ACVR1B","FC-ECM"
0.118337842865827,0.210047153575444,0.865,0.842,1,"OSMR","FC-ECM"
0.123455923059272,1.80479098231842,0.188,0.053,1,"FZD10","FC-ECM"
0.126801120550561,-0.674420133748488,0.545,0.579,1,"TNFRSF1A","FC-ECM"
0.127222113013444,2.1094407792944,0.11,0,1,"ADORA1","FC-ECM"
0.128482686627825,-0.547083440076086,0.536,0.632,1,"PDGFRB","FC-ECM"
0.132003768290417,0.564802601800718,0.644,0.474,1,"IGF2R","FC-ECM"
0.146115716926394,1.93109419848369,0.101,0,1,"IL17RE","FC-ECM"
0.146115716926394,1.86281598031981,0.101,0,1,"EPOR","FC-ECM"
0.147246768673866,-0.502059020717964,0.422,0.579,1,"NTRK2","FC-ECM"
0.153899125222317,1.79345926327229,0.097,0,1,"ITGA3","FC-ECM"
0.156584940441954,1.9920641338122,0.096,0,1,"FZD6","FC-ECM"
0.159125232183629,0.556549965821357,0.334,0.158,1,"IL17RC","FC-ECM"
0.15941626459817,-1.34840619723061,0.117,0.211,1,"CD4","FC-ECM"
0.16209908570737,1.81393270392248,0.094,0,1,"PILRA","FC-ECM"
0.1647241886643,-0.984276793124788,0.11,0.211,1,"IL6R","FC-ECM"
0.173600843189468,0.265009297307999,0.585,0.368,1,"NLGN2","FC-ECM"
0.173995238305763,-1.39426214387373,0.041,0.105,1,"ITGA9","FC-ECM"
0.184139085393237,-0.487743504166062,0.605,0.632,1,"PLXNB2","FC-ECM"
0.18583991318144,-0.512148462174334,0.266,0.421,1,"IL15RA","FC-ECM"
0.192203265556243,1.42514940745329,0.156,0.053,1,"ADORA2B","FC-ECM"
0.196596175577166,1.15626993999357,0.164,0.053,1,"DSG2","FC-ECM"
0.199765158603284,0.401907872246509,0.416,0.263,1,"BMPR2","FC-ECM"
0.206688505264002,1.40175762506548,0.078,0,1,"NPR2","FC-ECM"
0.219241079732812,-2.0940895855648,0.016,0.053,1,"CHRNE","FC-ECM"
0.221650280566281,1.37302736726408,0.073,0,1,"SELL","FC-ECM"
0.235363196146586,-0.296486549360234,0.847,0.842,1,"NRP2","FC-ECM"
0.246361508466089,0.533839211336184,0.399,0.263,1,"ACVR1","FC-ECM"
0.248113932657794,0.492842200728742,0.507,0.316,1,"IL10RB","FC-ECM"
0.262150991069236,0.717677144300267,0.149,0.053,1,"IFNAR2","FC-ECM"
0.26903932325212,-0.44938877871129,0.494,0.632,1,"MPZL1","FC-ECM"
0.281277205924325,-1.19611435013616,0.049,0.105,1,"FZD4","FC-ECM"
0.289156494677384,1.03743459257977,0.056,0,1,"ACVR2B","FC-ECM"
0.291156212907947,-0.576173661435872,0.332,0.421,1,"PLXNA4","FC-ECM"
0.292892517109121,0.322017826801574,0.294,0.158,1,"ALCAM","FC-ECM"
0.293505926719612,1.16974532204622,0.129,0.053,1,"BMPR1A","FC-ECM"
0.294645590346589,0.367090079421031,0.557,0.368,1,"TNFRSF1B","FC-ECM"
0.312825825340007,0.309307055224772,0.557,0.368,1,"TNFRSF12A","FC-ECM"
0.323348771927239,0.247928934511856,0.38,0.263,1,"IFNGR1","FC-ECM"
0.324896823218629,-1.13563892297139,0.143,0.211,1,"TNFRSF10A","FC-ECM"
0.328323599473065,-0.50902284331628,0.397,0.474,1,"TGFBR1","FC-ECM"
0.337468444415155,-0.249939065368436,0.617,0.737,1,"FZD8","FC-ECM"
0.352311299886267,0.27496936986118,0.739,0.684,1,"BDKRB1","FC-ECM"
0.359960789666813,-0.12300656087156,0.95,0.947,1,"LRP1","FC-ECM"
0.362651346423609,0.525728615762624,0.252,0.158,1,"SV2A","FC-ECM"
0.375648581184364,-0.69327784875698,0.188,0.263,1,"NRP1","FC-ECM"
0.377297858916077,1.37283634473969,0.116,0.053,1,"CXCR4","FC-ECM"
0.377505605292291,0.654872706279787,0.12,0.053,1,"NECTIN1","FC-ECM"
0.395305608719086,-0.59909794719845,0.265,0.316,1,"IL17RA","FC-ECM"
0.404755491674486,0.214492256577991,0.605,0.474,1,"ITGAV","FC-ECM"
0.415856226773532,-0.643341509126099,0.12,0.053,1,"NECTIN3","FC-ECM"
0.422645791117202,-0.797635917778013,0.058,0.105,1,"ITGB3","FC-ECM"
0.427908066456449,0.232290142542927,0.659,0.632,1,"VCAM1","FC-ECM"
0.429047106216309,-0.783323482146477,0.103,0.158,1,"FZD3","FC-ECM"
0.443570515880127,-0.106034344548196,0.919,0.895,1,"NCL","FC-ECM"
0.450421906259045,-0.684234880657652,0.247,0.316,1,"ITGA10","FC-ECM"
0.455636456885204,-1.03377040056831,0.11,0.158,1,"CAP1","FC-ECM"
0.461731089385702,-0.254007437056794,0.355,0.474,1,"ADIPOR2","FC-ECM"
0.467034362609109,0.24400473489144,0.669,0.579,1,"NOTCH2","FC-ECM"
0.470427098975639,0.187525568670958,0.18,0.105,1,"CNTNAP1","FC-ECM"
0.472879036904448,-0.650122043361964,0.105,0.158,1,"ITGA6","FC-ECM"
0.48391539450974,-0.857756270755071,0.111,0.158,1,"EPHA2","FC-ECM"
0.490654194321795,-1.55532176803362,0.066,0.105,1,"IL1RL2","FC-ECM"
0.496532905008833,-0.85995020126833,0.151,0.211,1,"PVR","FC-ECM"
0.504781576721885,0.231544723479435,0.499,0.421,1,"CD99L2","FC-ECM"
0.51183882852812,0.576230610219121,0.262,0.211,1,"IL13RA2","FC-ECM"
0.513901152614825,0.317563476353049,0.341,0.263,1,"JAM3","FC-ECM"
0.51895383079721,-0.449185361275784,0.109,0.158,1,"EPHB2","FC-ECM"
0.523118273018882,-0.158372409450939,0.739,0.684,1,"IL13RA1","FC-ECM"
0.525833940533803,-0.275241186551654,0.289,0.368,1,"LRP5","FC-ECM"
0.532518634042004,-0.930270581706119,0.07,0.105,1,"CHRNB1","FC-ECM"
0.538384571194154,0.341825739947476,0.359,0.316,1,"FAS","FC-ECM"
0.55743979528149,0.127315732251334,0.798,0.684,1,"IFNGR2","FC-ECM"
0.569050749307907,-0.670479238069746,0.07,0.105,1,"PTH1R","FC-ECM"
0.570667577824699,-0.423663070146942,0.433,0.474,1,"PTPRF","FC-ECM"
0.575410775842714,-0.44343551930066,0.207,0.158,1,"ITGA2","FC-ECM"
0.575910345691636,-1.10011916344355,0.074,0.105,1,"TLR4","FC-ECM"
0.588612680051061,0.305814517712483,0.151,0.105,1,"IGF1R","FC-ECM"
0.603358682302748,-0.626086615497259,0.124,0.158,1,"EPHB4","FC-ECM"
0.605470830840128,-0.300278128892895,0.271,0.316,1,"PTPRM","FC-ECM"
0.63232016045719,-0.488110148068697,0.125,0.158,1,"SDC1","FC-ECM"
0.643237582200752,-0.251256135102713,0.69,0.789,1,"CD55","FC-ECM"
0.643455473943879,-0.357465956347632,0.118,0.158,1,"JAM2","FC-ECM"
0.645966169855185,0.16813344233917,0.202,0.158,1,"LRP6","FC-ECM"
0.652863371012745,-0.225562153002554,0.436,0.474,1,"FZD1","FC-ECM"
0.65357131889558,-0.139572067910445,0.567,0.579,1,"NEGR1","FC-ECM"
0.673146490339331,-1.44455432817945,0.036,0.053,1,"PECAM1","FC-ECM"
0.68716012345823,0.140152176711254,0.817,0.737,1,"GLG1","FC-ECM"
0.689011632067733,0.120606306863525,0.434,0.368,1,"INSR","FC-ECM"
0.699457431173185,-0.2183939825128,0.079,0.053,1,"AGTR1","FC-ECM"
0.707157959485128,-0.99969737058878,0.087,0.105,1,"IL18R1","FC-ECM"
0.712202384393795,0.111392841612617,0.074,0.053,1,"PTCH1","FC-ECM"
0.714393739847034,-0.471581426717118,0.036,0.053,1,"ACVR2A","FC-ECM"
0.714393739847034,-0.592170133385299,0.036,0.053,1,"MPZ","FC-ECM"
0.715959884960207,-0.160489603742316,0.749,0.684,1,"CD47","FC-ECM"
0.726728057127008,0.101594166500309,0.2,0.158,1,"SDC3","FC-ECM"
0.742680784903946,-0.775129247905506,0.038,0.053,1,"SORT1","FC-ECM"
0.744732988763298,-0.622679579671713,0.038,0.053,1,"EPHB3","FC-ECM"
0.746480782744827,-0.264163780411538,0.074,0.053,1,"NCAM2","FC-ECM"
0.747117899485181,-0.232610322587714,0.178,0.211,1,"NOTCH3","FC-ECM"
0.748899111069256,-0.393933351820275,0.187,0.211,1,"ITGAE","FC-ECM"
0.76154704806704,-0.401781073448314,0.074,0.053,1,"NLGN1","FC-ECM"
0.761562819843476,0.577962946527638,0.173,0.158,1,"CD74","FC-ECM"
0.762239290933816,0.186465076348653,0.364,0.316,1,"MET","FC-ECM"
0.77733428345915,-0.123793548242885,0.25,0.211,1,"PLXNA1","FC-ECM"
0.782196163998577,-0.554231671718674,0.263,0.263,1,"IL4R","FC-ECM"
0.804134721894814,-0.115483102493217,0.737,0.737,1,"EGFR","FC-ECM"
0.805948029064954,-0.179255501442573,0.379,0.368,1,"PLXNA3","FC-ECM"
0.826458628381904,-0.609218175638687,0.204,0.211,1,"LIFR","FC-ECM"
0.839778199332334,-0.312570578276561,0.065,0.053,1,"PLXNB1","FC-ECM"
0.842199074031492,-0.181737865405963,0.088,0.105,1,"GHR","FC-ECM"
0.846917717728858,0.108090326567468,0.325,0.316,1,"NECTIN2","FC-ECM"
0.866628837299993,-0.216831434087233,0.09,0.105,1,"FZD2","FC-ECM"
0.881852142611122,-0.256654934559078,0.207,0.211,1,"TNFRSF9","FC-ECM"
0.885545608744338,-0.753306858692655,0.102,0.105,1,"SMO","FC-ECM"
0.892538449532809,-0.117935679321297,0.289,0.263,1,"DAG1","FC-ECM"
0.897731512367929,-1.26516688120836,0.048,0.053,1,"CADM3","FC-ECM"
0.912127220349675,-0.599297781882067,0.047,0.053,1,"IL3RA","FC-ECM"
0.932269782829116,-0.691214258671219,0.121,0.105,1,"SSTR2","FC-ECM"
0.948611105032146,0.125589685429737,0.054,0.053,1,"GFRA2","FC-ECM"
0.989368989973535,-0.28404228308768,0.109,0.105,1,"ITGB2","FC-ECM"
0.994361729292523,-0.133666545624928,0.159,0.158,1,"TNFRSF14","FC-ECM"
9.21489475635554e-09,-6.17707900980464,0,0.083,0.000233938533179598,"PTCH2","Proliferating_G2M"
9.21489475635554e-09,-6.17707900980464,0,0.083,0.000233938533179598,"ITGAM","Proliferating_G2M"
0.000354313847768501,-1.85852093744037,0.196,0.583,1,"LRP6","Proliferating_G2M"
0.0018899251449023,-4.00966114181518,0.005,0.083,1,"TEK","Proliferating_G2M"
0.00321041353186175,1.39478344496222,0.754,0.333,1,"CD55","Proliferating_G2M"
0.00666345008699829,-0.628874902475904,0.822,1,1,"IL6ST","Proliferating_G2M"
0.010909097742501,-0.830001924945742,0.603,0.833,1,"TNFRSF1A","Proliferating_G2M"
0.0165719609944073,-1.16811988146452,0.394,0.667,1,"ADIPOR2","Proliferating_G2M"
0.0181630064089251,-1.56945718172654,0.108,0.333,1,"TNFRSF9","Proliferating_G2M"
0.0202239550802647,1.01363095615211,0.754,0.5,1,"ACKR3","Proliferating_G2M"
0.0205554088214936,-0.572041597357991,0.761,0.833,1,"IFNGR2","Proliferating_G2M"
0.0217032979911091,-4.16171389695225,0.01,0.083,1,"HCST","Proliferating_G2M"
0.0294167199229086,1.58382407923258,0.43,0.083,1,"IL4R","Proliferating_G2M"
0.0321843094568175,-0.908527684560886,0.442,0.667,1,"JAM3","Proliferating_G2M"
0.0380854490093091,-1.86036070766859,0.08,0.25,1,"PTCH1","Proliferating_G2M"
0.0418751995702029,-2.54798379385291,0.088,0.25,1,"IL18R1","Proliferating_G2M"
0.0420825043700389,-4.00286109183382,0.013,0.083,1,"OXTR","Proliferating_G2M"
0.0460229614680405,-1.19201625234918,0.344,0.583,1,"ICAM1","Proliferating_G2M"
0.0495222980293045,-2.75407501283586,0.045,0.167,1,"MCAM","Proliferating_G2M"
0.0521646666307996,1.6279934905045,0.432,0.167,1,"IL13RA2","Proliferating_G2M"
0.0686135577610318,-1.36715702110105,0.206,0.417,1,"IL15RA","Proliferating_G2M"
0.0692305131888189,1.24005792002819,0.48,0.25,1,"FAS","Proliferating_G2M"
0.0775101857215805,2.03597751152573,0.211,0,1,"JAM2","Proliferating_G2M"
0.0775355177899748,0.617750167182779,0.796,0.5,1,"BDKRB2","Proliferating_G2M"
0.087337824644019,-0.756262348149862,0.349,0.583,1,"NTRK2","Proliferating_G2M"
0.0873628533246896,-0.456891852840337,0.724,0.917,1,"NOTCH2","Proliferating_G2M"
0.0926901692678338,-1.44220841466233,0.161,0.333,1,"IFNAR2","Proliferating_G2M"
0.0926996528913161,-0.158221983164688,0.972,0.917,1,"CD99","Proliferating_G2M"
0.0987023159512404,-3.67439602671293,0.018,0.083,1,"MPZ","Proliferating_G2M"
0.116681733057327,1.8962220300267,0.173,0,1,"CD74","Proliferating_G2M"
0.117370393934349,0.199863207485652,0.799,0.583,1,"TNFRSF11B","Proliferating_G2M"
0.118998011015967,-0.312697601811344,0.952,1,1,"NRP2","Proliferating_G2M"
0.121840649840578,1.59267274068723,0.274,0.083,1,"ITGA2","Proliferating_G2M"
0.126418339881518,1.70470868333671,0.166,0,1,"TNFRSF10A","Proliferating_G2M"
0.133322762730251,1.54166143028771,0.161,0,1,"CNTNAP1","Proliferating_G2M"
0.145450707096216,0.966349105777215,0.284,0.083,1,"PTPRM","Proliferating_G2M"
0.150749881798247,-2.27973197197274,0.02,0.083,1,"KDR","Proliferating_G2M"
0.154086445043438,0.859075248577747,0.289,0.083,1,"SDC3","Proliferating_G2M"
0.15563364114571,0.727409270524444,0.487,0.25,1,"ITGA1","Proliferating_G2M"
0.160376647433886,1.4421360536,0.143,0,1,"EPHB2","Proliferating_G2M"
0.164709026639902,-1.49187371981339,0.211,0.333,1,"ITGA10","Proliferating_G2M"
0.167184836500639,-1.29800574999376,0.123,0.25,1,"ITGA6","Proliferating_G2M"
0.170857333893316,-3.04630789146476,0.023,0.083,1,"F2R","Proliferating_G2M"
0.173766276652426,-2.61840037835872,0.023,0.083,1,"IL27RA","Proliferating_G2M"
0.177623179265957,-0.516726334069282,0.417,0.667,1,"DAG1","Proliferating_G2M"
0.177752001008208,0.735370693541684,0.49,0.25,1,"PDGFRB","Proliferating_G2M"
0.19239092282546,-0.750430538071079,0.347,0.5,1,"PLXNA3","Proliferating_G2M"
0.192622295554276,1.13687862747442,0.126,0,1,"IL1RAP","Proliferating_G2M"
0.192622295554276,1.37084404513263,0.126,0,1,"NPR3","Proliferating_G2M"
0.202394715766065,-0.51891137935673,0.523,0.667,1,"TGFBR1","Proliferating_G2M"
0.207539236054535,-0.460173062603298,0.653,0.833,1,"IGF2R","Proliferating_G2M"
0.208121700942878,-2.71447154995313,0.025,0.083,1,"CCR10","Proliferating_G2M"
0.212499367309818,-0.261736834554728,0.902,0.917,1,"ITGA5","Proliferating_G2M"
0.221173433495722,-2.19899970707718,0.025,0.083,1,"EPHB1","Proliferating_G2M"
0.222260658100308,-0.642155023474574,0.191,0.333,1,"NOTCH3","Proliferating_G2M"
0.223389632058649,-0.974115927635042,0.312,0.417,1,"IL7R","Proliferating_G2M"
0.231293097243906,-0.203768619208467,0.917,0.917,1,"PDGFRA","Proliferating_G2M"
0.237327393598024,0.919558971766466,0.106,0,1,"FZD10","Proliferating_G2M"
0.251033903277222,0.440477806827218,0.671,0.5,1,"PLXNB2","Proliferating_G2M"
0.25669382441265,0.879294932515028,0.098,0,1,"IL6R","Proliferating_G2M"
0.270517014969211,0.80926350270385,0.093,0,1,"FZD4","Proliferating_G2M"
0.270984990463618,-1.91918254944458,0.028,0.083,1,"NCAM2","Proliferating_G2M"
0.271078235177011,-0.536865965981928,0.492,0.583,1,"TGFBR2","Proliferating_G2M"
0.281894730780572,-0.353245289869882,0.764,0.917,1,"IL13RA1","Proliferating_G2M"
0.29002385096282,0.884283219996127,0.201,0.083,1,"ADORA2B","Proliferating_G2M"
0.299748439065969,0.314904184984496,0.714,0.75,1,"TNFRSF12A","Proliferating_G2M"
0.299872213198186,-0.75599394856093,0.307,0.417,1,"ACVR1","Proliferating_G2M"
0.30061359555356,1.07139674810432,0.083,0,1,"ITGA8","Proliferating_G2M"
0.310066014586036,-0.638662161497219,0.432,0.5,1,"CADM1","Proliferating_G2M"
0.31702498254687,0.311537502279605,0.078,0,1,"FZD3","Proliferating_G2M"
0.31702498254687,0.250257323190144,0.078,0,1,"NPR2","Proliferating_G2M"
0.318241312599431,-2.81185311108855,0.033,0.083,1,"CDH2","Proliferating_G2M"
0.325606615581681,0.704566610707118,0.075,0,1,"IL1RL1","Proliferating_G2M"
0.325606615581681,0.384904983729335,0.075,0,1,"NCAM1","Proliferating_G2M"
0.329881602372047,0.710696082081664,0.191,0.083,1,"EPHB4","Proliferating_G2M"
0.333203083475797,0.564679538379832,0.209,0.083,1,"IGF1R","Proliferating_G2M"
0.333722570277873,-2.17181022736421,0.033,0.083,1,"IL20RA","Proliferating_G2M"
0.334454340062892,0.421808788129828,0.073,0,1,"CHRNB1","Proliferating_G2M"
0.350023015682847,0.42216741613069,0.583,0.417,1,"CDH11","Proliferating_G2M"
0.3513333631952,0.343918147727259,0.417,0.25,1,"BMPR2","Proliferating_G2M"
0.362690069787587,0.747539888246801,0.181,0.083,1,"ACVR1B","Proliferating_G2M"
0.362727366037003,0.245862466853723,0.065,0,1,"ITGB3","Proliferating_G2M"
0.372778749871628,0.158458813240936,0.063,0,1,"EPHB3","Proliferating_G2M"
0.378389455053064,-0.718573365868096,0.156,0.25,1,"NLGN1","Proliferating_G2M"
0.379931344273049,-0.236548360078472,0.849,0.833,1,"ITGB5","Proliferating_G2M"
0.380551025942045,0.683137910974114,0.181,0.083,1,"DSG2","Proliferating_G2M"
0.383172440189091,0.178543112606592,0.06,0,1,"SORT1","Proliferating_G2M"
0.383172440189091,0.187605839872347,0.06,0,1,"PTH1R","Proliferating_G2M"
0.40506822099981,0.13219747168394,0.055,0,1,"PECAM1","Proliferating_G2M"
0.414895754621018,0.569159878811968,0.266,0.167,1,"FZD7","Proliferating_G2M"
0.416398108362936,-0.282038846262915,0.729,0.833,1,"SDC2","Proliferating_G2M"
0.42181643947095,-1.85027350450046,0.038,0.083,1,"GPR37L1","Proliferating_G2M"
0.428600572872985,-0.417287759393331,0.05,0,1,"PLXNA2","Proliferating_G2M"
0.433393330501808,0.443485254179026,0.266,0.167,1,"LEPR","Proliferating_G2M"
0.437350718772445,-2.1785798682792,0.04,0.083,1,"FGFR2","Proliferating_G2M"
0.437350718772445,-2.2238860701312,0.04,0.083,1,"PLXNC1","Proliferating_G2M"
0.437534154479892,0.356590023537644,0.452,0.333,1,"INSR","Proliferating_G2M"
0.438565403889836,-0.451299728239677,0.48,0.5,1,"NECTIN2","Proliferating_G2M"
0.441669952159815,0.272853611548539,0.653,0.583,1,"MPZL1","Proliferating_G2M"
0.450764562901566,0.65908741437345,0.251,0.167,1,"PLXNA4","Proliferating_G2M"
0.451623107259699,-0.431913909861216,0.513,0.583,1,"IL1R1","Proliferating_G2M"
0.460523649878446,-0.565627726722027,0.259,0.333,1,"LRP5","Proliferating_G2M"
0.47630993786311,-1.66893650380619,0.04,0.083,1,"CD34","Proliferating_G2M"
0.485319574254848,-0.168606027401002,0.173,0.083,1,"LIFR","Proliferating_G2M"
0.488963649014876,-0.291925767386317,0.367,0.5,1,"NRP1","Proliferating_G2M"
0.490473007232618,-1.74866822401343,0.043,0.083,1,"SELL","Proliferating_G2M"
0.494210795607987,-1.32765461639174,0.111,0.167,1,"ITGA3","Proliferating_G2M"
0.494865020931467,-1.47256198399912,0.043,0.083,1,"FLT1","Proliferating_G2M"
0.498722977263882,-0.815513602775706,0.103,0.167,1,"EPHA2","Proliferating_G2M"
0.501460721522495,0.169599816403381,0.817,0.75,1,"CD47","Proliferating_G2M"
0.504468860990219,0.253025060234176,0.608,0.5,1,"CD99L2","Proliferating_G2M"
0.506927188478351,0.433131811803296,0.148,0.083,1,"PLXND1","Proliferating_G2M"
0.525082706897299,0.436698301605084,0.229,0.167,1,"CAP1","Proliferating_G2M"
0.540173428261831,0.180137608182424,0.492,0.333,1,"FZD1","Proliferating_G2M"
0.549108670406979,0.252793259630871,0.688,0.583,1,"ITGAV","Proliferating_G2M"
0.569199176785717,-0.602773982857516,0.379,0.417,1,"ITGA11","Proliferating_G2M"
0.573523218100792,0.336034328362529,0.312,0.25,1,"IL17RA","Proliferating_G2M"
0.573710622125943,0.150827624035408,0.354,0.25,1,"CMKLR1","Proliferating_G2M"
0.585304641495022,-0.367510367978238,0.246,0.333,1,"IL17RC","Proliferating_G2M"
0.588679643929811,0.26595870001367,0.638,0.667,1,"FZD8","Proliferating_G2M"
0.5916994831309,0.143047037322589,0.136,0.083,1,"EDA2R","Proliferating_G2M"
0.603427841923194,-0.154259342180051,0.648,0.667,1,"VCAM1","Proliferating_G2M"
0.605526704649552,-0.197834982963283,0.653,0.667,1,"TNFRSF1B","Proliferating_G2M"
0.620494162953168,-1.43600865658533,0.05,0.083,1,"GHR","Proliferating_G2M"
0.642719661018644,-0.302554265873948,0.138,0.083,1,"NOTCH1","Proliferating_G2M"
0.665389516054595,-0.139907180761283,0.829,0.917,1,"OSMR","Proliferating_G2M"
0.679298401453673,-0.806183962544036,0.209,0.25,1,"FZD2","Proliferating_G2M"
0.68096168438294,-0.784364373254425,0.133,0.167,1,"CD274","Proliferating_G2M"
0.681655225161979,-0.805709952206111,0.131,0.167,1,"NECTIN1","Proliferating_G2M"
0.69176877967761,-1.96925482018919,0.06,0.083,1,"ERBB2","Proliferating_G2M"
0.692112700483626,-0.87568775487334,0.214,0.25,1,"CD40","Proliferating_G2M"
0.696747376614594,0.287122315045957,0.118,0.083,1,"CXCR4","Proliferating_G2M"
0.701127446065418,0.138968684863404,0.307,0.25,1,"EPOR","Proliferating_G2M"
0.702975657379151,-1.20212157127142,0.055,0.083,1,"ACVR2A","Proliferating_G2M"
0.706422422307747,0.168642520428385,0.45,0.417,1,"ALCAM","Proliferating_G2M"
0.707714429226517,-0.113607179553789,0.721,0.75,1,"EGFR","Proliferating_G2M"
0.721175974305753,-0.708175228473033,0.133,0.167,1,"ADORA1","Proliferating_G2M"
0.734317437144884,-0.688987602707854,0.337,0.333,1,"MET","Proliferating_G2M"
0.812280412464206,-1.12316732322876,0.068,0.083,1,"ACVR2B","Proliferating_G2M"
0.813416599801361,-0.699804659847677,0.151,0.167,1,"BMPR1A","Proliferating_G2M"
0.821554501105309,-0.605144674887113,0.111,0.083,1,"FZD6","Proliferating_G2M"
0.840147481761233,-0.192092311445652,0.098,0.083,1,"TYRO3","Proliferating_G2M"
0.844570653904793,-0.319610685863755,0.548,0.5,1,"NEGR1","Proliferating_G2M"
0.854615906173837,-0.32105999417796,0.234,0.25,1,"PARD3","Proliferating_G2M"
0.862482852357453,-0.147685047437796,0.882,0.917,1,"LRP1","Proliferating_G2M"
0.878015904485042,-0.120571372633352,0.322,0.333,1,"SDC1","Proliferating_G2M"
0.942300304730541,-1.60312508947755,0.083,0.083,1,"SSTR2","Proliferating_G2M"
0.943592800719562,-0.746194833791368,0.08,0.083,1,"ITGB2","Proliferating_G2M"
0.959322034110988,-1.45593873276704,0.095,0.083,1,"SMO","Proliferating_G2M"
0.974205005456429,-0.78547214065044,0.09,0.083,1,"CD4","Proliferating_G2M"
0.985364529086215,-0.411510720653074,0.08,0.083,1,"TLR4","Proliferating_G2M"
0.989587992498536,-0.259752072343433,0.352,0.333,1,"SV2A","Proliferating_G2M"
0.995981164471794,-0.744729002699798,0.088,0.083,1,"AGTR1","Proliferating_G2M"
0.998015425924258,-1.4710841776427,0.09,0.083,1,"PILRA","Proliferating_G2M"
