"TF","CellType","Log2FC_Degen_vs_Normal"
"SOX9","FC-Metabolic",3.70976356916565
"HOXA13","Secretory-Chondrocyte",-3.5591013735634
"FOXO3","Secretory-Chondrocyte",-3.43818666339928
"STAT1","Male-Inflammatory",3.42371136904249
"CDKN1A","Stem-Progenitor",-3.36940529463697
"SMAD3","Meniscus-Progenitor",3.29388091841481
"NFKB2","Secretory-Chondrocyte",-3.22386721047245
"CTNNB1","Secretory-Chondrocyte",3.19411820875362
"JUN","Stem-Progenitor",3.06464091941528
"CTNNB1","Stem-Progenitor",3.02885766328619
"FOS","Male-Inflammatory",-2.95910481743532
"SOX9","Stem-Progenitor",2.8635105501121
"JUNB","OuterZone-FC",2.80677623191105
"FOXO3","OuterZone-FC",2.62240674105439
"EPAS1","Secretory-Chondrocyte",-2.62089125770874
"JUNB","Secretory-Chondrocyte",-2.57609118038073
"STAT1","Stem-Progenitor",2.40842877961672
"CTNNB1","OuterZone-FC",2.37919477219845
"ETS2","Macrophage",-2.28686704118129
"JUN","Smooth-Muscle",-2.22061351106271
"FOXO3","FC-Metabolic",2.15403784121243
"JUNB","Male-Inflammatory",-2.12265170135138
"ZEB1","Secretory-Chondrocyte",-2.11894700438881
"CDKN1A","Secretory-Chondrocyte",2.10478090862133
"CTNNB1","Macrophage",2.04535936477751
"SOX9","FC-Degenerated",2.0271436895875
"NFKB2","Stem-Progenitor",-1.96268769566177
"EPAS1","FC-Metabolic",-1.93201185696187
"HIF1A","Secretory-Chondrocyte",1.92115791077392
"FOS","Proliferating-G2M",-1.85297817976
"RELA","Secretory-Chondrocyte",1.84681430493616
"CDKN1A","Proliferating-M",1.8258002221557
"ETS2","FC-Metabolic",1.81969232231784
"CDKN1A","Smooth-Muscle",-1.80803712736642
"SOX6","Secretory-Chondrocyte",-1.7824401427045
"RUNX1","Male-Inflammatory",-1.77674680369139
"SMAD5","OuterZone-FC",1.75148374350799
"RELA","Stem-Progenitor",-1.73126055685607
"FOS","Macrophage",1.71461279496767
"ETS1","Macrophage",-1.68922280256942
"NFKB1","Macrophage",-1.68531296295584
"HIF1A","Macrophage",1.67740551664616
"ZEB1","Stem-Progenitor",-1.61793325809606
"ETS1","OuterZone-FC",-1.60803758552648
"JUNB","FC-Metabolic",1.60660724364733
"NFKB2","Endothelial",-1.60248997154714
"TCF7L2","FC-Metabolic",1.59285470927672
"JUN","FC-Regulatory",1.58106382211257
"SMAD5","Stem-Progenitor",-1.56980059932839
"NFKB2","Proliferating-M",-1.54429630824387
"FOXO3","Male-Inflammatory",-1.54022754443462
"EPAS1","Smooth-Muscle",1.53966601217906
"RELA","Smooth-Muscle",-1.53801496236128
"CTNNB1","FC-Degenerated",1.52654693024137
"HIF1A","Proliferating-M",1.52307132100617
"RELA","OuterZone-FC",-1.52125881375949
"STAT1","Secretory-Chondrocyte",1.5072205798296
"SOX5","OuterZone-FC",1.4924442789559
"RELA","Proliferating-M",-1.48269195837358
"HIF1A","FC-Degenerated",1.44911473522217
"HIF1A","Endothelial",1.44310794890818
"CDKN1A","FC-Metabolic",-1.44155402068413
"SNAI2","Secretory-Chondrocyte",1.41218725286472
"EPAS1","OuterZone-FC",1.40299969686989
"NFKB2","Smooth-Muscle",-1.40141757556024
"STAT3","Stem-Progenitor",1.38124790000732
"STAT1","Proliferating-S",1.36029466472687
"NFKB2","Macrophage",-1.34092869961203
"PITX1","Secretory-Chondrocyte",-1.32639592640012
"CDKN1A","Proliferating-G2M",1.32085913448521
"TCF7L2","Male-Inflammatory",1.32013723286057
"STAT3","OuterZone-FC",-1.32003367959758
"CTNNB1","Meniscus-Progenitor",1.29176188910066
"SOX5","Secretory-Chondrocyte",-1.27961705752987
"ZEB1","Male-Inflammatory",1.27051242444906
"TP53","Stem-Progenitor",-1.26299020510836
"SNAI2","OuterZone-FC",-1.25687321492002
"SMAD2","Secretory-Chondrocyte",1.25248951570876
"SMAD4","Secretory-Chondrocyte",-1.24814068624553
"SOX9","Secretory-Chondrocyte",1.243581066612
"SMAD5","Male-Inflammatory",1.22043410027804
"JUN","OuterZone-FC",-1.21156910421973
"FOS","Endothelial",-1.19561218587338
"CDKN1A","FC-Degenerated",-1.18889817408757
"NFKB2","FC-Regulatory",1.18772343136624
"TWIST1","FC-Regulatory",1.17880664588662
"EPAS1","Stem-Progenitor",-1.17607618861608
"JUNB","Smooth-Muscle",-1.16051161265787
"RUNX1","Stem-Progenitor",-1.15194895841279
"HIF1A","Smooth-Muscle",1.14951775498251
"SMAD2","OuterZone-FC",-1.14503239739356
"FOS","OuterZone-FC",1.14029253776004
"RELA","Macrophage",-1.134387989726
"HEY1","Macrophage",-1.12802465193307
"HES1","Stem-Progenitor",-1.12756091159919
"STAT5A","Macrophage",-1.12163528371476
"JUN","Proliferating-M",-1.11816809752967
"FOS","Smooth-Muscle",1.11637552274925
"EPAS1","Macrophage",1.11095425336262
"HES1","OuterZone-FC",-1.10669227242739
"STAT1","Proliferating-M",1.10571288003298
"SMAD3","Proliferating-M",1.10316697102584
"CTNNB1","Proliferating-G2M",1.09927207496302
"STAT1","Smooth-Muscle",-1.09318464607721
"SNAI2","Meniscus-Progenitor",-1.0821540671428
"EPAS1","FC-ECM",-1.08069632747889
"SOX5","FC-Regulatory",1.07541009054283
"NFKB1","OuterZone-FC",-1.06803668474634
"STAT3","Male-Inflammatory",1.06638302380663
"ETS1","Proliferating-M",-1.06563863942601
"RBPJ","Secretory-Chondrocyte",-1.05738295090698
"RBPJ","FC-Degenerated",1.05420828440089
"TCF7L2","Smooth-Muscle",-1.05139497926237
"SNAI2","Male-Inflammatory",1.046370940993
"SMAD3","Smooth-Muscle",1.04216313037389
"SMAD3","OuterZone-FC",1.04114092438517
"NFKB1","Secretory-Chondrocyte",-1.02112051809978
"TCF7L2","Stem-Progenitor",1.01904124124991
"JUN","Male-Inflammatory",-1.01541986961166
"TWIST1","Meniscus-Progenitor",-1.01064236093882
"SMAD3","FC-Regulatory",1.00432213404902
"TWIST1","OuterZone-FC",-1.00319469607821
"HIF1A","FC-Regulatory",0.991536670556236
"TCF7L2","Proliferating-M",-0.989358590431727
"RUNX1","FC-Metabolic",-0.988340846362694
"FOXO3","FC-Regulatory",0.959824176571038
"HES1","Secretory-Chondrocyte",0.9424082310474
"NFKB1","Smooth-Muscle",-0.937272998400119
"FOXO3","Proliferating-G2M",-0.928479943507615
"SMAD5","Smooth-Muscle",-0.926582786198266
"SNAI2","FC-Regulatory",0.914903244554895
"RUNX1","Secretory-Chondrocyte",-0.912335669319259
"SOX5","Male-Inflammatory",0.908103310955051
"SMAD2","Meniscus-Progenitor",0.90358048547704
"HIF1A","FC-ECM",0.901777986589594
"NFKB1","Proliferating-M",-0.897357757084946
"ETS2","Secretory-Chondrocyte",0.896064220188598
"FOS","Proliferating-M",0.893247504916898
"RUNX2","Proliferating-M",0.885985350439853
"JUNB","Stem-Progenitor",-0.883651196566541
"RBPJ","Male-Inflammatory",-0.877587495662132
"JUN","Endothelial",-0.867094762797056
"RBPJ","Stem-Progenitor",-0.861302265631465
"ETS1","Smooth-Muscle",-0.858010877025694
"ZEB1","OuterZone-FC",-0.850457201742876
"RBPJ","Smooth-Muscle",0.848900639674376
"JUNB","Proliferating-M",0.845131547089114
"SOX9","FC-Regulatory",0.844652588219456
"CDKN1A","Macrophage",-0.834459240708056
"CDKN1A","Proliferating-S",-0.825537535479749
"TP53","FC-Degenerated",-0.825273739822389
"SMAD2","Male-Inflammatory",-0.818055612869159
"NFKB2","FC-Metabolic",0.814578745412837
"CTNNB1","FC-Regulatory",0.811764195820604
"ZEB1","Endothelial",0.805486055212251
"HES1","FC-ECM",-0.803669371921446
"TP53","Smooth-Muscle",0.794333742437646
"ETS1","Secretory-Chondrocyte",0.784589778403442
"HIF1A","Proliferating-G2M",0.777517284670696
"SNAI1","Smooth-Muscle",0.775467529296901
"JUNB","Macrophage",-0.772617231947656
"SOX5","Proliferating-M",-0.772276927153495
"SOX5","Smooth-Muscle",0.769365279602603
"HIF1A","Stem-Progenitor",-0.76851234211993
"JUNB","FC-Degenerated",-0.766102367052599
"REL","Macrophage",-0.760510907844075
"FOXO3","Stem-Progenitor",0.760035396991582
"HIF1A","OuterZone-FC",0.755425673495982
"SNAI2","FC-Degenerated",-0.754058591025281
"EPAS1","FC-Degenerated",0.742831975717345
"NFKB1","Stem-Progenitor",-0.741116945451559
"SMAD2","Proliferating-M",0.739540528384481
"LEF1","FC-Metabolic",0.73768012314213
"STAT3","Proliferating-G2M",0.735067222307308
"SOX9","Proliferating-G2M",0.735036873752581
"RELA","Meniscus-Progenitor",0.73335239901986
"TP53","OuterZone-FC",-0.7256690626011
"EPAS1","Meniscus-Progenitor",-0.724171552245228
"SOX9","Macrophage",0.719558517015262
"SNAI1","Male-Inflammatory",-0.715476368078975
"NFKB1","Proliferating-G2M",-0.712206880663772
"RBPJ","Meniscus-Progenitor",0.708557869250376
"ZEB1","FC-ECM",-0.706671861139345
"SOX5","Stem-Progenitor",-0.704648127939957
"RBPJ","OuterZone-FC",0.703386164822724
"FOXO3","Meniscus-Progenitor",-0.688153742915713
"STAT1","OuterZone-FC",0.686794021959496
"SMAD5","Secretory-Chondrocyte",-0.685756778366235
"ETS2","Smooth-Muscle",-0.68211771376167
"ETS1","Proliferating-S",-0.681038132929648
"RELA","Male-Inflammatory",0.677144609739625
"TP53","FC-Metabolic",0.669421190772783
"STAT5A","Stem-Progenitor",-0.668721658421735
"ZEB1","FC-Degenerated",-0.668646802698399
"RELA","Proliferating-G2M",-0.66651538675614
"SOX6","Stem-Progenitor",0.664859724205867
"MYC","Smooth-Muscle",0.660065869714668
"SNAI1","Stem-Progenitor",-0.659140221966777
"TCF7L2","Secretory-Chondrocyte",-0.657511183373591
"SOX9","OuterZone-FC",-0.657213235164985
"SOX9","Endothelial",0.655833008248406
"TCF7L2","FC-Regulatory",0.652280295171128
"ETS1","Meniscus-Progenitor",-0.651487877591492
"ETS1","Proliferating-G2M",-0.648192661876551
"STAT1","FC-ECM",0.647785720651834
"NFKB1","FC-ECM",0.644972341937505
"TWIST1","Endothelial",-0.638671627297741
"HES1","Proliferating-G2M",-0.63862714676095
"TP53","FC-Regulatory",-0.634848723424823
"SMAD4","Stem-Progenitor",-0.633526186539177
"SMAD3","Stem-Progenitor",-0.633464016368272
"TP53","Macrophage",-0.631705786457663
"FOXO1","Secretory-Chondrocyte",0.631426913404054
"RBPJ","Proliferating-M",0.630149917723674
"NFKB1","Endothelial",-0.626798555648426
"SOX5","FC-Metabolic",-0.625837588415987
"RBPJ","FC-Regulatory",0.625830756981406
"SMAD4","Male-Inflammatory",0.622183857665306
"STAT5A","Meniscus-Progenitor",-0.620478011333092
"SMAD2","Smooth-Muscle",-0.62019198504779
"JUN","Macrophage",-0.619802105396532
"SMAD2","Macrophage",0.618339592302382
"ETS2","Stem-Progenitor",0.614887849909445
"SMAD4","FC-Metabolic",-0.613779066769156
"SMAD4","OuterZone-FC",-0.609211595488071
"SMAD5","Proliferating-M",-0.605169753852199
"JUN","Proliferating-S",-0.602499914811859
"ZEB1","FC-Metabolic",-0.601944102368178
"STAT5A","OuterZone-FC",0.601768936495985
"SNAI2","Proliferating-S",-0.601696356426372
"CTNNB1","FC-Metabolic",-0.59726738119814
"RUNX1","Smooth-Muscle",0.595944854883988
"STAT3","FC-ECM",-0.595774751991752
"SMAD2","FC-Degenerated",0.59549136812768
"SMAD3","FC-ECM",0.594850916215379
"PITX1","Male-Inflammatory",-0.591048927419629
"NFKB1","FC-Metabolic",0.590740426712749
"ETS1","Endothelial",-0.588747671344307
"TWIST1","Secretory-Chondrocyte",0.585462685145081
"CDKN1A","FC-Regulatory",0.584727880769777
"HOXA13","Macrophage",-0.583313875402678
"STAT5A","FC-Metabolic",-0.582915123210501
"JUN","FC-Metabolic",-0.579435895848462
"NFKB2","FC-ECM",0.578249972652574
"SMAD3","FC-Degenerated",-0.574738620291729
"CDKN1A","Endothelial",-0.566951567337915
"REL","OuterZone-FC",-0.566635832862307
"TWIST1","Stem-Progenitor",0.566461684994737
"SOX9","Proliferating-M",-0.56457261755209
"STAT1","FC-Degenerated",0.562225986119984
"FOS","Secretory-Chondrocyte",-0.55613692789069
"ETS1","Male-Inflammatory",-0.554879397800568
"STAT5A","Smooth-Muscle",-0.553050042708423
"STAT5A","FC-Regulatory",0.545185549862276
"SOX5","Endothelial",-0.543724264487069
"TP53","Secretory-Chondrocyte",0.541279158116691
"TBX5","Proliferating-G2M",-0.536656006104345
"SNAI2","Stem-Progenitor",-0.535496193470923
"SNAI2","Smooth-Muscle",0.535035109692944
"TWIST1","FC-ECM",0.53319318035793
"ETS1","Stem-Progenitor",-0.527100804015139
"NFKB1","FC-Regulatory",0.524840927184314
"TCF7L2","FC-Degenerated",0.523070649468334
"ZEB1","Proliferating-G2M",-0.521850934456099
"HES1","Male-Inflammatory",-0.519829781135206
"TWIST1","Proliferating-M",-0.519482029575906
"STAT3","Meniscus-Progenitor",0.515928230772899
"HOXA13","FC-Metabolic",0.513414066570805
"FOS","FC-Degenerated",0.512618250596912
"RUNX1","Endothelial",-0.512587349360853
"HES1","FC-Regulatory",-0.511273417388604
"FOS","Stem-Progenitor",0.510561913940797
"SNAI1","Meniscus-Progenitor",0.507625354428221
"RUNX1","Proliferating-G2M",-0.504927138561574
"TP53","Male-Inflammatory",-0.503239845089033
"JUN","Meniscus-Progenitor",-0.50277880277658
"SOX9","FC-ECM",-0.494645549912983
"CTNNB1","FC-ECM",-0.494061063452666
"SMAD3","Male-Inflammatory",0.491754068118508
"HIF1A","Male-Inflammatory",-0.490480491732662
"SOX6","FC-Regulatory",0.487912963228471
"RBPJ","Proliferating-S",-0.487554538435315
"SMAD5","FC-Degenerated",0.480182117677247
"SNAI1","Endothelial",0.479182580499268
"NFKB1","Male-Inflammatory",0.477958080635552
"RELA","Endothelial",-0.476765407003568
"JUN","Secretory-Chondrocyte",-0.472829107218952
"SMAD2","FC-Metabolic",0.470359512577465
"STAT5A","Male-Inflammatory",0.465306901949437
"RUNX1","OuterZone-FC",-0.462035214753022
"SMAD4","Smooth-Muscle",-0.460003611857954
"ETS2","FC-Regulatory",-0.459064001360503
"SMAD5","Meniscus-Progenitor",0.458481889524371
"STAT5A","Secretory-Chondrocyte",0.457590363029263
"FOS","Proliferating-S",-0.453078689086321
"RELA","FC-Metabolic",0.45173664871047
"ETS2","Male-Inflammatory",0.450949668961308
"NFKB2","Meniscus-Progenitor",-0.447572241855897
"SOX5","Meniscus-Progenitor",-0.44374690543427
"CTNNB1","Proliferating-S",0.443482124420192
"FOXO1","OuterZone-FC",0.441787229352123
"JUNB","Endothelial",-0.441059450844477
"RUNX2","Stem-Progenitor",-0.438702334043238
"RUNX1","FC-Degenerated",0.435535781869483
"REL","Smooth-Muscle",-0.434362221658151
"HES1","Meniscus-Progenitor",-0.433955926281457
"TWIST1","Male-Inflammatory",0.433595367330916
"SMAD1","Stem-Progenitor",0.431361497941578
"HES1","Smooth-Muscle",-0.430200945188764
"REL","FC-Regulatory",0.426816325104777
"SMAD2","FC-Regulatory",-0.425135777966062
"STAT3","Proliferating-M",0.419298063982526
"SNAI1","Macrophage",-0.417231676981944
"FOS","FC-ECM",-0.41123496172688
"SOX9","Proliferating-S",0.410087207350453
"STAT5A","Endothelial",-0.406039574952984
"HOXA13","Stem-Progenitor",-0.404973921690355
"JUNB","Meniscus-Progenitor",0.402397411736942
"MYC","FC-Metabolic",-0.401090821183538
"ETS1","FC-Metabolic",0.398618666134239
"SMAD5","FC-ECM",0.396010370103931
"TP53","Meniscus-Progenitor",-0.393482327275762
"ETS2","Proliferating-M",-0.389148517929266
"NFKB2","OuterZone-FC",-0.388166804036224
"SMAD4","Endothelial",-0.38714886457072
"STAT3","FC-Metabolic",0.382597931850949
"HOXA13","Proliferating-M",-0.382232688634638
"FOS","Meniscus-Progenitor",-0.378575409683649
"HOXA13","FC-Regulatory",-0.378228097574646
"REL","Stem-Progenitor",-0.378118910449587
"SMAD4","Proliferating-M",0.372409099180258
"TBX5","Proliferating-M",-0.371411884522396
"REL","Meniscus-Progenitor",-0.368461148689207
"SNAI2","Proliferating-G2M",0.367111226641521
"PITX1","FC-Metabolic",-0.366356841869378
"SMAD3","FC-Metabolic",-0.366310466677999
"SMAD3","Secretory-Chondrocyte",-0.365609034367531
"TP53","Endothelial",-0.364854621005729
"REL","FC-Degenerated",-0.364055324250846
"TP53","Proliferating-M",0.363927731118746
"ETS2","Proliferating-G2M",0.363013224403351
"ZEB1","Meniscus-Progenitor",0.360785697392462
"PITX1","Meniscus-Progenitor",-0.357892650879198
"HES1","Endothelial",0.354397360973571
"EPAS1","FC-Regulatory",0.35285254987732
"PITX1","Proliferating-M",-0.350953709477554
"SMAD2","Proliferating-G2M",0.350203313729308
"TWIST1","Proliferating-S",-0.349959726465085
"NFKB1","FC-Degenerated",0.348006304544965
"JUNB","FC-ECM",-0.346602865256751
"HOXA13","Meniscus-Progenitor",-0.345054299990778
"SMAD5","Endothelial",0.344720994278059
"ETS1","FC-Degenerated",-0.342468578025229
"HIF1A","FC-Metabolic",0.340138993237027
"CDKN1A","Male-Inflammatory",0.338475953447315
"SMAD1","Endothelial",-0.336591746337669
"SMAD3","Macrophage",-0.331325194506333
"HES1","FC-Metabolic",0.329319050987045
"SMAD5","FC-Regulatory",0.328922777073426
"SOX6","FC-Degenerated",-0.324932867547493
"RBPJ","FC-Metabolic",-0.32458927743877
"LEF1","Smooth-Muscle",0.323155133293679
"PITX1","OuterZone-FC",-0.322055300324328
"SMAD5","FC-Metabolic",-0.319505480404952
"MYC","Male-Inflammatory",0.318303317722704
"RUNX1","Macrophage",-0.314234758284393
"CDKN1A","Meniscus-Progenitor",0.312877932542134
"SMAD4","Macrophage",0.311611347556614
"FOXO1","Endothelial",-0.309425716931145
"PITX1","FC-Regulatory",-0.307800084644204
"REL","Proliferating-M",-0.307076093422846
"SNAI2","FC-Metabolic",-0.306901746323084
"JUNB","Proliferating-G2M",-0.303486252816854
"ERG","FC-Regulatory",0.302991870307202
"SMAD3","Proliferating-S",0.302485230758591
"HOXA13","FC-ECM",0.301822989753485
"FOXO1","Macrophage",0.301197467096423
"TWIST1","Smooth-Muscle",-0.300361135857062
"STAT3","FC-Degenerated",0.297370545475835
"MYC","Secretory-Chondrocyte",0.295929852317076
"SMAD2","FC-ECM",0.29543076403777
"EPAS1","Endothelial",0.294226234244416
"RUNX1","Proliferating-M",-0.292905832144085
"TWIST1","Proliferating-G2M",-0.291250214548362
"STAT3","Proliferating-S",-0.288510490317387
"TBX5","Stem-Progenitor",-0.286358393742064
"TBX5","OuterZone-FC",-0.285463340087275
"HOXA13","Proliferating-G2M",0.283061765313652
"MYC","FC-Degenerated",0.282209796848846
"RELA","FC-Degenerated",-0.281616181929453
"NFKB2","Proliferating-S",-0.280637705371721
"ERG","FC-ECM",-0.277889366783783
"HOXA13","OuterZone-FC",0.275320423929826
"STAT1","Endothelial",-0.270466163862491
"SMAD5","Macrophage",0.269136464159535
"CDKN1A","OuterZone-FC",0.268832606628143
"FOXO1","FC-ECM",0.266532652301857
"SMAD4","FC-Degenerated",-0.264029581895962
"EPAS1","Proliferating-G2M",0.263997115000973
"SMAD4","Meniscus-Progenitor",-0.262393164397155
"NFKB2","FC-Degenerated",0.261822734641485
"HES1","Macrophage",-0.258629219982946
"SOX5","FC-ECM",-0.256426564303238
"HIF1A","Meniscus-Progenitor",0.255303096095923
"PITX1","Smooth-Muscle",-0.254278796816478
"ETS2","OuterZone-FC",0.252504689575641
"ERG","Proliferating-G2M",-0.250294504557181
"SMAD2","Endothelial",-0.248489067650885
"HIF1A","Proliferating-S",-0.248020326835311
"REL","FC-Metabolic",-0.245105009325713
"FOXO3","Smooth-Muscle",0.244653818842877
"TBX5","Meniscus-Progenitor",-0.243540753877427
"PITX1","Proliferating-G2M",-0.2427183377757
"RBPJ","Endothelial",-0.241043039746001
"SOX5","Macrophage",0.240916613488202
"LEF1","Proliferating-G2M",-0.239506583046018
"FOXO1","Male-Inflammatory",0.23939948007571
"FOXO1","FC-Degenerated",0.235124239388909
"ZEB1","FC-Regulatory",-0.232530004837493
"SNAI1","Proliferating-M",-0.231367403158006
"RELA","Proliferating-S",-0.230936639205808
"EPAS1","Proliferating-M",0.230868370941884
"SOX9","Smooth-Muscle",-0.224702582505357
"TCF7L2","OuterZone-FC",0.223035779722808
"RUNX2","FC-Metabolic",0.221642512571207
"STAT1","Meniscus-Progenitor",-0.219549497907781
"FOXO1","Stem-Progenitor",0.218486434091328
"TCF7L2","Meniscus-Progenitor",0.218052597994686
"SMAD1","Secretory-Chondrocyte",0.217225119849982
"TBX5","FC-Degenerated",-0.214947504017494
"HEY1","Endothelial",-0.211522963156876
"EPAS1","Proliferating-S",0.210570086025279
"RUNX2","Secretory-Chondrocyte",0.210511659723581
"MYC","Meniscus-Progenitor",0.206767386549605
"CDKN2A","Endothelial",0.206312943800331
"SNAI1","FC-Regulatory",-0.205109434295533
"TCF7L2","Macrophage",0.202792848630107
"ZEB1","Smooth-Muscle",-0.199822375441816
"FOXO1","Meniscus-Progenitor",-0.199045333334795
"SNAI1","Secretory-Chondrocyte",0.197729545117893
"PITX1","Stem-Progenitor",-0.195381398577899
"CTNNB1","Proliferating-M",-0.194823950069669
"REL","Endothelial",-0.192812019784899
"TCF7L2","FC-ECM",0.192048277509186
"FOXO3","FC-Degenerated",0.190549812877396
"SMAD4","Proliferating-G2M",-0.189957468142227
"ERG","Proliferating-M",-0.189664074020615
"NFKB1","Proliferating-S",-0.189333531199517
"JUN","Proliferating-G2M",-0.188724316652983
"SNAI2","Proliferating-M",0.186222150871795
"FOXO1","FC-Metabolic",-0.184599183387948
"ETS2","Meniscus-Progenitor",-0.184358180533405
"STAT3","Macrophage",0.184239562630796
"ERG","Male-Inflammatory",0.184062696708949
"SMAD1","Male-Inflammatory",0.181416855346574
"LEF1","Endothelial",0.180736466340206
"ETS2","FC-ECM",0.179609452451203
"HES1","Proliferating-M",-0.176938470610512
"CDKN2A","Proliferating-G2M",0.176727037894404
"SOX6","FC-Metabolic",0.173742254416969
"STAT3","FC-Regulatory",0.171077648857208
"RUNX2","Macrophage",0.168506410715889
"TWIST1","FC-Metabolic",0.166378098682601
"REL","Secretory-Chondrocyte",0.1648736387718
"FOXO3","Macrophage",-0.163233073486956
"SOX6","Smooth-Muscle",-0.162615137487745
"SMAD3","Endothelial",0.162002334573253
"SNAI1","FC-ECM",-0.161799063417547
"SOX6","Endothelial",-0.161206486146026
"ZEB1","Proliferating-S",0.158664528262512
"FOXO1","Smooth-Muscle",-0.158155548710857
"FOXO1","FC-Regulatory",0.157096232095239
"CDKN2A","Secretory-Chondrocyte",0.156539066773397
"MYC","Proliferating-G2M",-0.155940304120765
"TBX5","FC-Metabolic",-0.155823241466106
"SNAI1","FC-Degenerated",-0.155321516529769
"SNAI1","Proliferating-G2M",-0.154903467968153
"FOXO1","Proliferating-M",-0.154646381528847
"FOXO3","Proliferating-S",-0.152035982722976
"SOX9","Meniscus-Progenitor",-0.150809808260357
"CDKN2A","Proliferating-S",0.150493783178166
"REL","Proliferating-G2M",-0.147955977669177
"SMAD5","Proliferating-G2M",0.145576094511967
"SMAD1","Proliferating-S",0.145376341692973
"TBX5","FC-ECM",-0.145353606049553
"SOX9","Male-Inflammatory",-0.144371358867848
"SMAD4","FC-Regulatory",-0.144098394704597
"RUNX2","FC-Regulatory",-0.144016045897064
"SMAD1","Proliferating-G2M",0.143226496096622
"PITX1","Endothelial",0.141614302975327
"SMAD2","Stem-Progenitor",-0.140711682378181
"STAT1","FC-Regulatory",-0.140665326476525
"ERG","Meniscus-Progenitor",-0.13998469969837
"MYC","OuterZone-FC",-0.138616480482298
"CTNNB1","Smooth-Muscle",-0.138601924206524
"HEY1","Stem-Progenitor",-0.137754415625873
"MYC","Proliferating-M",-0.13670416534183
"HOXA13","Male-Inflammatory",0.135390316685673
"SNAI2","Macrophage",-0.135364656556817
"RBPJ","FC-ECM",0.132954498880007
"SMAD1","FC-ECM",0.130838847597371
"ERG","Macrophage",-0.128223315870946
"REL","Male-Inflammatory",0.125595749790335
"RUNX1","Meniscus-Progenitor",-0.124989486345316
"SMAD4","FC-ECM",-0.12474766241645
"TBX5","Smooth-Muscle",-0.124168860268583
"ERG","Endothelial",-0.122081932302104
"ETS1","FC-ECM",-0.121676966968537
"SNAI1","OuterZone-FC",-0.121481604621394
"NFKB2","Proliferating-G2M",0.120361048640756
"HES1","Proliferating-S",-0.118496683842525
"RUNX2","OuterZone-FC",-0.117255551551105
"JUNB","Proliferating-S",-0.116873386181337
"SMAD2","Proliferating-S",0.116285130677241
"ETS2","Endothelial",0.113945464527923
"STAT5A","Proliferating-M",0.113739396003313
"STAT5A","Proliferating-G2M",0.112509274046455
"FOS","FC-Regulatory",-0.112478029716211
"RUNX2","Proliferating-S",-0.112065566664626
"TP53","FC-ECM",0.111324461588938
"JUNB","FC-Regulatory",0.110303872329015
"SOX5","FC-Degenerated",0.110286907668651
"MYC","FC-ECM",-0.109150495629683
"TWIST1","Macrophage",-0.108418832748548
"RUNX2","Smooth-Muscle",-0.10836038798773
"SMAD1","Proliferating-M",-0.108255716544281
"HES1","FC-Degenerated",0.107608744113331
"RUNX2","FC-Degenerated",0.106825466255626
"JUN","FC-ECM",0.104823408718745
"STAT1","Proliferating-G2M",0.103727342967284
"SOX6","Male-Inflammatory",0.102680819781258
"TBX5","Secretory-Chondrocyte",0.102113508826725
"CTNNB1","Endothelial",0.102092133085589
"ETS1","FC-Regulatory",0.101980758774859
"TCF7L2","Proliferating-S",0.101129468980287
"TP53","Proliferating-S",-0.100499823632345
"SOX6","Macrophage",0.0997036138717091
"SNAI1","FC-Metabolic",-0.0991581174817564
"RUNX1","FC-Regulatory",0.0985453677115726
"SOX6","OuterZone-FC",-0.0960942105820544
"RUNX2","Male-Inflammatory",0.0960203967945336
"ERG","Proliferating-S",-0.0953065422949937
"TWIST1","FC-Degenerated",0.0952396868401676
"SOX6","FC-ECM",0.0950982103451575
"HEY1","Meniscus-Progenitor",-0.0945492269503893
"HOXA13","Smooth-Muscle",-0.0934777086738793
"TBX5","Male-Inflammatory",0.0922696082761823
"CDKN2A","Macrophage",0.0908614544151995
"RBPJ","Macrophage",-0.0906217301128276
"SOX6","Meniscus-Progenitor",-0.0899125455880568
"STAT3","Endothelial",-0.0898839720790079
"RUNX2","Endothelial",0.0896623511220428
"PITX1","FC-Degenerated",-0.0895687729978055
"ERG","Secretory-Chondrocyte",0.088299658252174
"LEF1","FC-Degenerated",-0.0874869029182514
"STAT3","Secretory-Chondrocyte",-0.0873581952967872
"RUNX2","Proliferating-G2M",0.0872923820444134
"SMAD1","Meniscus-Progenitor",-0.0859000333507543
"CDKN2A","FC-Degenerated",0.0851621906202789
"ERG","FC-Metabolic",-0.0850275515738871
"NFKB1","Meniscus-Progenitor",0.084732704061691
"MYC","FC-Regulatory",-0.0821723123259402
"SOX6","Proliferating-M",-0.0820199476503118
"SMAD4","Proliferating-S",0.0807968899715741
"FOXO1","Proliferating-G2M",0.0798864008529597
"MYC","Stem-Progenitor",-0.0795573101802363
"ERG","Stem-Progenitor",-0.0795573101802363
"TCF7L2","Endothelial",-0.077286477561636
"NFKB2","Male-Inflammatory",-0.0768499719002937
"RELA","FC-Regulatory",-0.0749466156403757
"SOX5","Proliferating-S",0.0726668298806885
"CDKN2A","Proliferating-M",-0.0724373435567388
"HEY1","Smooth-Muscle",-0.0698308483366838
"ERG","Smooth-Muscle",0.0695749787785733
"STAT5A","FC-Degenerated",-0.0691022744573154
"HOXA13","FC-Degenerated",-0.0685312953962372
"CDKN1A","FC-ECM",-0.0683538985820116
"SMAD1","FC-Degenerated",0.0667949888941269
"STAT1","FC-Metabolic",-0.0660810334665041
"SMAD1","FC-Metabolic",-0.065877787221681
"TBX5","Macrophage",0.065156772631145
"SMAD1","Smooth-Muscle",-0.0644651081699617
"ERG","OuterZone-FC",-0.0637433106996359
"CDKN2A","FC-ECM",0.0632963073901926
"SOX6","Proliferating-G2M",-0.0594471492471542
"FOXO3","Endothelial",0.0559586486942785
"RUNX2","Meniscus-Progenitor",0.0556712614029412
"HEY1","FC-Regulatory",-0.0555853371567417
"TBX5","FC-Regulatory",-0.0552925029063082
"EPAS1","Male-Inflammatory",0.0552423355093246
"LEF1","FC-Regulatory",-0.0546055784587369
"ZEB1","Macrophage",-0.054162572265707
"STAT3","Smooth-Muscle",-0.0527277621594666
"HEY1","OuterZone-FC",-0.0490862635441708
"TBX5","Endothelial",-0.0475206878755922
"CDKN2A","Male-Inflammatory",0.0466853384403929
"RUNX2","FC-ECM",-0.0462813775229578
"TP53","Proliferating-G2M",0.0445462077066867
"PITX1","Macrophage",0.0444509689759275
"ERG","FC-Degenerated",-0.0411235894199376
"LEF1","Secretory-Chondrocyte",0.0406014670089569
"SMAD3","Proliferating-G2M",-0.0391418963848542
"RUNX1","Proliferating-S",-0.0376896453603035
"LEF1","FC-ECM",0.0371471702567803
"CDKN2A","OuterZone-FC",-0.0365784060256401
"HEY1","FC-Metabolic",-0.0354736881552517
"LEF1","Male-Inflammatory",0.0353526176137411
"REL","Proliferating-S",-0.0349996993209266
"SNAI2","Endothelial",0.0343784276694191
"SMAD1","Macrophage",0.0331824762656457
"HEY1","Proliferating-M",-0.03281702018075
"ETS2","FC-Degenerated",-0.0327093452516221
"RELA","FC-ECM",-0.0326990494794419
"ZEB1","Proliferating-M",0.0321652218914783
"SNAI2","FC-ECM",0.0308589644611574
"FOXO3","FC-ECM",-0.0297324907554408
"RBPJ","Proliferating-G2M",0.0292684185626828
"STAT1","Macrophage",0.0291325332021981
"CTNNB1","Male-Inflammatory",0.0286363407497299
"FOXO3","Proliferating-M",-0.0285108942667978
"LEF1","Meniscus-Progenitor",-0.0280921935414251
"MYC","Proliferating-S",0.02621012942774
"ETS2","Proliferating-S",-0.0252390909660591
"LEF1","Proliferating-M",-0.0252259653159794
"MYC","Endothelial",-0.0240311756688915
"HOXA13","Endothelial",0.0227532485016302
"SOX6","Proliferating-S",-0.0208423726510565
"FOS","FC-Metabolic",0.0207499270499361
"REL","FC-ECM",0.0198143240088874
"SOX5","Proliferating-G2M",-0.0174298833466816
"PITX1","FC-ECM",0.0173593105275435
"HEY1","Proliferating-G2M",0.0168649888919456
"SMAD5","Proliferating-S",0.0167735153911601
"JUN","FC-Degenerated",0.0161884315992902
"HEY1","FC-ECM",0.0155184102221457
"HEY1","Secretory-Chondrocyte",0.0136452627560869
"CDKN2A","FC-Regulatory",-0.0131293688551104
"TCF7L2","Proliferating-G2M",0.0113636989909021
"RUNX1","FC-ECM",-0.0106694369221687
"PITX1","Proliferating-S",-0.0106064313028228
"LEF1","Proliferating-S",0.0101118583330958
"STAT5A","Proliferating-S",0.0100722510932087
"SMAD1","FC-Regulatory",-0.00976273981585769
"LEF1","Macrophage",0.00918590205085876
"SNAI1","Proliferating-S",-0.00899971033273206
"FOXO1","Proliferating-S",0.00888513444808048
"HOXA13","Proliferating-S",0.00810110223038513
"HEY1","FC-Degenerated",0.00803506791528181
"CDKN2A","FC-Metabolic",-0.00784265189372317
"HEY1","Proliferating-S",0.00336044749910202
"HEY1","Male-Inflammatory",0.00299229847250784
"STAT5A","FC-ECM",-0.00273689882091022
"TBX5","Proliferating-S",-0.00251288513497383
"MYC","Macrophage",-0.000295102942582545
"CDKN2A","Meniscus-Progenitor",0
"LEF1","OuterZone-FC",0
"SMAD1","OuterZone-FC",0
"CDKN2A","Smooth-Muscle",0
"LEF1","Stem-Progenitor",0
"CDKN2A","Stem-Progenitor",0
